text,date
 ,2026-06-08
 ,2026-06-08
ad ơi đi nha trang tham quan gì,2026-06-08
 ,2026-06-08
 ,2026-06-08
 ,2026-06-08
Cần,2026-06-08
 ,2026-06-08
khách sạn,2026-06-08
lên,2026-06-08
cho em hỏi tour du lịch đà lạt giá rẻ,2026-06-08
Chi phí,2026-06-08
 ,2026-06-08
làm ơn Lịch trình Hội An cho người già,2026-06-08
 ,2026-06-08
 ,2026-06-08
cho em,2026-06-08
cho em hỏi căn hộ hội an view đẹp,2026-06-08
 ,2026-06-08
 ,2026-06-08
cho tôi hỏi Khí hậu Vũng Tàu như thế nào,2026-06-08
ad,2026-06-08
 ,2026-06-08
buffet hội an giá rẻ,2026-06-08
cho em hỏi Mùa khô ở Hà Nội,2026-06-08
Nha Trang có quán nào nổi tiếng,2026-06-08
giá,2026-06-08
 ,2026-06-08
 ,2026-06-08
làm ơn đi mũi né dịp lễ có vui không,2026-06-08
cho tôi,2026-06-08
mình hỏi Tour Phú Quốc cuối tuần,2026-06-08
 ,2026-06-08
 ,2026-06-08
 ,2026-06-08
cho tôi hỏi Mì quảng Hà Nội,2026-06-08
 ,2026-06-08
cho em hỏi Check in Đà Nẵng ở đâu,2026-06-08
 ,2026-06-08
mình hỏi Vũng Tàu nổi tiếng về gì,2026-06-08
 ,2026-06-08
mùa lạnh,2026-06-08
 ,2026-06-08
 ,2026-06-08
tàu khách,2026-06-08
đi leo núi [tháng 10](month) hết bao nhiêu tiền,2026-06-08
có ai ở đó không,2026-06-08
cho em hỏi Booking tour Đà Lạt giá rẻ,2026-06-08
làm ơn các hãng bay đến vũng tàu,2026-06-08
 ,2026-06-08
cho em hỏi xe đạp đi phú quốc,2026-06-08
có,2026-06-08
làm ơn Có gì đẹp ở Hội An,2026-06-08
đi phượt Sapa thôi,2026-06-08
sôi động,2026-06-08
mình hỏi,2026-06-08
Hải,2026-06-08
ẩm thực,2026-06-08
 ,2026-06-08
 ,2026-06-08
mình hỏi Đặt tour Vũng Tàu cho đoàn,2026-06-08
mình hỏi Chi phí Mũi Né 4 ngày 3 đêm,2026-06-08
cho em hỏi Leo núi ở Mũi Né,2026-06-08
ad ơi Cắm trại Hội An,2026-06-08
ad ơi Tour Nha Trang khuyến mãi,2026-06-08
Bắc,2026-06-08
làm ơn Chè Hội An ngon,2026-06-08
mình hỏi Giá tour Phú Quốc bao nhiêu,2026-06-08
dù lượn,2026-06-08
ad ơi Tour Đà Lạt khởi hành từ Hà Nội,2026-06-08
Đi Vũng Tàu bằng xe máy,2026-06-08
 ,2026-06-08
mình hỏi Đặt tour Mũi Né cho đoàn,2026-06-08
 ,2026-06-08
[mùa thu](season),2026-06-08
picnic,2026-06-08
cho em,2026-06-08
 ,2026-06-08
Củ Chi,2026-06-08
mình muốn leo núi vào [tháng 10](month),2026-06-08
trượt nước,2026-06-08
cho tôi hỏi tour đà nẵng nghỉ dưỡng,2026-06-08
chào ngày mới,2026-06-08
cho em hỏi Tour Đà Nẵng team building,2026-06-08
An Giang,2026-06-08
 ,2026-06-08
 ,2026-06-08
 ,2026-06-08
 ,2026-06-08
 ,2026-06-08
ad ơi Đi thuyền Hà Nội,2026-06-08
cho tôi hỏi Review du lịch Hà Nội,2026-06-08
Đi,2026-06-08
cho tôi hỏi Lặn biển ở Nha Trang,2026-06-08
 ,2026-06-08
mình muốn đi Nha Trang,2026-06-08
 ,2026-06-08
[lặn san hô](activity) Phú Quốc [tháng 10](month),2026-06-08
am I talking to a human?,2026-06-08
cho tôi,2026-06-08
 ,2026-06-08
ad ơi Đặt tour Hội An khuyến mãi,2026-06-08
 ,2026-06-08
làm ơn Đặt tour Đà Nẵng tiết kiệm,2026-06-08
cho tôi hỏi Tour Huế khuyến mãi,2026-06-08
Đi phượt Hội An bằng xe máy,2026-06-08
cho em hỏi Giá vé tham quan Sa Pa,2026-06-08
 ,2026-06-08
chèo kayak,2026-06-08
cho tôi hỏi Đi Mũi Né bằng xe máy,2026-06-08
 ,2026-06-08
[tháng 8](month),2026-06-08
goodbye,2026-06-08
mình hỏi Tour Sa Pa VIP 5 sao,2026-06-08
 ,2026-06-08
 ,2026-06-08
trung,2026-06-08
 ,2026-06-08
 ,2026-06-08
cho em,2026-06-08
 ,2026-06-08
 ,2026-06-08
từ Sài Gòn đến Đà Lạt,2026-06-08
 ,2026-06-08
 ,2026-06-08
 ,2026-06-08
ad,2026-06-08
làm ơn Hải sản Hà Nội tươi ngon,2026-06-08
cho tôi,2026-06-08
ad,2026-06-08
[tháng 12](month),2026-06-08
 ,2026-06-08
 ,2026-06-08
 ,2026-06-08
 ,2026-06-08
mình hỏi Nhà hàng Vũng Tàu sang trọng,2026-06-08
 ,2026-06-08
review [Phú Quốc](location) mùa này vậy,2026-06-08
làm ơn Thời tiết Vũng Tàu tháng 6,2026-06-08
 ,2026-06-08
ad ơi Chia sẻ kinh nghiệm Đà Nẵng,2026-06-08
ad ơi Các hãng bay đến Vũng Tàu,2026-06-08
cho tôi hỏi Ngắm hoàng hôn Hội An,2026-06-08
cưỡi voi,2026-06-08
 ,2026-06-08
 ,2026-06-08
cho em hỏi Gợi ý lịch trình Mũi Né,2026-06-08
 ,2026-06-08
ad ơi lịch trình phú quốc cho gia đình,2026-06-08
 ,2026-06-08
ad ơi leo núi ở mũi né,2026-06-08
làm ơn,2026-06-08
cho em hỏi Lịch trình Đà Lạt 3 ngày 2 đêm,2026-06-08
cho em hỏi Mua vé tham quan Đà Lạt,2026-06-08
 ,2026-06-08
chỗ nào leo núi đẹp vào [tháng 10](month),2026-06-08
 ,2026-06-08
ad ơi,2026-06-08
 ,2026-06-08
mức,2026-06-08
tôi,2026-06-08
 ,2026-06-08
Gợi ý lịch trình Mũi Né,2026-06-08
mình hỏi,2026-06-08
mình hỏi Book combo Huế,2026-06-08
 ,2026-06-08
làm ơn Hải sản Sa Pa tươi ngon,2026-06-08
mình hỏi,2026-06-08
mình hỏi Homestay Đà Lạt cho đôi người,2026-06-08
xe giường nằm,2026-06-08
chốt luôn,2026-06-08
ad ơi Đặt phòng khách sạn Đà Lạt,2026-06-08
ad ơi Phú Quốc có j ngon,2026-06-08
Dự báo thời tiết Huế,2026-06-08
 ,2026-06-08
cho em hỏi tour phú quốc giá học sinh,2026-06-08
ai đang chat vậy,2026-06-08
 ,2026-06-08
cho tôi hỏi Chi phí du lịch Đà Lạt 3 ngày,2026-06-08
mình hỏi Chi phí ăn uống ở Đà Lạt,2026-06-08
 ,2026-06-08
 ,2026-06-08
 ,2026-06-08
Order tour Vũng Tàu,2026-06-08
làm ơn Du lịch Hà Nội tự túc,2026-06-08
ad ơi Buffet Hội An giá rẻ,2026-06-08
Hải Dương,2026-06-08
 ,2026-06-08
 ,2026-06-08
 ,2026-06-08
 ,2026-06-08
 ,2026-06-08
ad ơi Sa Pa cách Hà Nội bao xa,2026-06-08
 ,2026-06-08
 ,2026-06-08
 ,2026-06-08
karaoke,2026-06-08
ad ơi Chi phí thuê xe Vũng Tàu,2026-06-08
cho tôi hỏi Đi Vũng Tàu bao nhiêu ngày,2026-06-08
làm,2026-06-08
cho tôi hỏi nhà nghỉ mũi né giá rẻ,2026-06-08
mình hỏi Đi chợ Hội An về đêm,2026-06-08
 ,2026-06-08
cho em,2026-06-08
mình hỏi Dự báo thời tiết Huế,2026-06-08
Điểm,2026-06-08
cho tôi,2026-06-08
mình hỏi Tour Đà Nẵng 3 ngày 2 đêm,2026-06-08
 ,2026-06-08
mình hỏi Lặn ngắm san hô Sa Pa,2026-06-08
làm ơn Khám phá Hà Nội,2026-06-08
xin,2026-06-08
Thanh Hóa,2026-06-08
mình hỏi,2026-06-08
mình hỏi Tour Huế khuyến mãi,2026-06-08
 ,2026-06-08
làm ơn,2026-06-08
mình hỏi Đi Mũi Né dịp lễ có vui ko,2026-06-08
 ,2026-06-08
Tour Đà Nẵng 3 ngày 2 đêm,2026-06-08
cho em hỏi Villa Mũi Né hồ bơi,2026-06-08
cho em hỏi nhiệt độ sa pa trung bình,2026-06-08
ad ơi Ở Hà Nội ăn gì ngon,2026-06-08
 ,2026-06-08
ad ơi Thời tiết Huế tháng 12,2026-06-08
làm ơn bạn tôi gợi ý đi mũi né,2026-06-08
 ,2026-06-08
Vĩnh Long,2026-06-08
 ,2026-06-08
cho tôi hỏi Căn hộ Phú Quốc view đẹp,2026-06-08
tour đà lạt,2026-06-08
xe,2026-06-08
cho,2026-06-08
Hồ Chí Minh,2026-06-08
khu cắm trại,2026-06-08
cho em hỏi nhiệt độ phú quốc trung bình,2026-06-08
từ Hà Nội đi Hà Giang,2026-06-08
mình hỏi Tour Đà Lạt khởi hành từ Hà Nội,2026-06-08
làm ơn giá tour phú quốc bao nhiêu,2026-06-08
Mũi Né,2026-06-08
 ,2026-06-08
ad ơi tour huế team building,2026-06-08
 ,2026-06-08
mình hỏi Tôi đã đi Sa Pa năm ngoái rất thích,2026-06-08
 ,2026-06-08
ad ơi Nhiệt độ Sa Pa trung bình,2026-06-08
làm ơn tour huế khuyến mãi,2026-06-08
ad ơi Bánh xèo Phú Quốc,2026-06-08
cho tôi hỏi Phương tiện đi Hà Nội rẻ nhất,2026-06-08
 ,2026-06-08
dạo này stress quá có chỗ nào [yên tĩnh](category) đi [vài ngày](duration) không,2026-06-08
cho em hỏi Tôi nghe nói Sa Pa rất đẹp,2026-06-08
cho tôi hỏi Thời gian lý tưởng đi Vũng Tàu,2026-06-08
 ,2026-06-08
Bánh xèo Phú Quốc,2026-06-08
đi từ [tháng 9](month_from) sang [tháng 11](month_to) thì có chỗ nào đẹp,2026-06-08
nhà trọ,2026-06-08
ad ơi Chi phí thuê xe Hà Nội,2026-06-08
cho tôi hỏi Lẩu Hà Nội ăn ở đâu,2026-06-08
mình hỏi Xe giường nằm đi Huế,2026-06-08
indeed,2026-06-08
đang muốn set kèo đi Vũng Tàu,2026-06-08
 ,2026-06-08
cho em,2026-06-08
 ,2026-06-08
 ,2026-06-08
 ,2026-06-08
cho em hỏi Thời tiết Vũng Tàu tháng 6,2026-06-08
Combo Phú Quốc trọn gói,2026-06-08
làm ơn cắm trại huế,2026-06-08
 ,2026-06-08
 ,2026-06-08
Phương tiện đi Hà Nội rẻ nhất,2026-06-08
 ,2026-06-08
 ,2026-06-08
ad ơi cảnh đẹp mũi né nổi tiếng,2026-06-08
cho tôi hỏi booking tour vũng tàu giá rẻ,2026-06-08
 ,2026-06-08
làm,2026-06-08
 ,2026-06-08
cho em,2026-06-08
mình hỏi Đi phượt Hội An bằng xe máy,2026-06-08
kinh phí đi sa pa tiết kiệm,2026-06-08
mình,2026-06-08
hải sản phú quốc tươi ngon,2026-06-08
cho tôi hỏi Chi phí đi Vũng Tàu tự túc,2026-06-08
cho tôi,2026-06-08
làm ơn,2026-06-08
mình hỏi Tour Huế cho cặp đôi,2026-06-08
 ,2026-06-08
 ,2026-06-08
Xe giường nằm đi Huế,2026-06-08
mình hỏi tiền ăn ở hội an 1 ngày,2026-06-08
 ,2026-06-08
đi leo,2026-06-08
cho em hỏi Cắm trại Hội An,2026-06-08
 ,2026-06-08
dạo này stress quá có chỗ nào [yên tĩnh](category) đi [vài ngày](duration) ko,2026-06-08
cho tôi hỏi Check in Đà Nẵng ở đâu,2026-06-08
ad ơi,2026-06-08
thanh toán qua chuyển khoản được không,2026-06-08
 ,2026-06-08
Fansipan,2026-06-08
cho em,2026-06-08
chơi game,2026-06-08
tui mún đi Đà Nẵng [4 ngày 3 đêm](duration) ngân sách cỡ [5 củ](budget),2026-06-08
 ,2026-06-08
cho em hỏi Cafe view đẹp Hội An,2026-06-08
 ,2026-06-08
 ,2026-06-08
tour đà lạt,2026-06-08
 ,2026-06-08
book tour,2026-06-08
cho em hỏi Nên đi Phú Quốc mấy ngày,2026-06-08
đặt tour hội an khuyến mãi,2026-06-08
 ,2026-06-08
ad ơi,2026-06-08
Long An,2026-06-08
 ,2026-06-08
chốt luôn,2026-06-08
làm,2026-06-08
Nha Trang,2026-06-08
 ,2026-06-08
cho em hỏi Nha Trang có quán nào nổi tiếng,2026-06-08
 ,2026-06-08
ad ơi Tour Hà Nội cho gia đình,2026-06-08
 ,2026-06-08
 ,2026-06-08
 ,2026-06-08
 ,2026-06-08
 ,2026-06-08
chữa lành,2026-06-08
 ,2026-06-08
 ,2026-06-08
Đồi,2026-06-08
cho em hỏi Xe khách đi Hội An giờ nào,2026-06-08
 ,2026-06-08
 ,2026-06-08
 ,2026-06-08
làm ơn Hải sản Phú Quốc tươi ngon,2026-06-08
 ,2026-06-08
làm ơn,2026-06-08
 ,2026-06-08
cho em hỏi,2026-06-08
muốn đi Đà Nẵng [tháng 5](month) với ngân sách [6 củ](budget),2026-06-08
 ,2026-06-08
 ,2026-06-08
 ,2026-06-08
ad ơi Cafe view đẹp Hà Nội,2026-06-08
Đi,2026-06-08
 ,2026-06-08
đặt [phòng](category) [khách sạn](category) [Đà Lạt](location),2026-06-08
cho tôi hỏi Lịch trình Đà Lạt 3 ngày 2 đêm,2026-06-08
cho tôi,2026-06-08
cách,2026-06-08
cho tôi hỏi top địa điểm hà nội,2026-06-08
cho tôi hỏi Thời gian lý tưởng đi Vũng Tàu,2026-06-08
 ,2026-06-08
 ,2026-06-08
cho tôi,2026-06-08
ad ơi Công ty tôi tổ chức team building ở Mũi Né,2026-06-08
Đi,2026-06-08
ad ơi,2026-06-08
 ,2026-06-08
 ,2026-06-08
cho em hỏi Thời gian lý tưởng đi Vũng Tàu,2026-06-08
 ,2026-06-08
 ,2026-06-08
đặt tour đà lạt tiết kiệm,2026-06-08
 ,2026-06-08
làm ơn Từ Hà Nội đi Sa Pa bằng gì,2026-06-08
mình hỏi Du lịch Đà Nẵng tự túc,2026-06-08
 ,2026-06-08
Gợi ý lịch trình Mũi Né,2026-06-08
 ,2026-06-08
cho tôi hỏi đi vũng tàu bằng xe máy,2026-06-08
cho tôi hỏi Homestay Huế view đẹp,2026-06-08
cầm [10,2026-06-08
cám ơn bot nhé bye,2026-06-08
upcoming,2026-06-08
 ,2026-06-08
làm ơn Hải sản Sa Pa tươi ngon,2026-06-08
ad ơi,2026-06-08
 ,2026-06-08
ad ơi Kỳ nghỉ Hà Nội,2026-06-08
Đi Đà,2026-06-08
cho tôi hỏi Đặt tour Đà Lạt tiết kiệm,2026-06-08
xin bảng giá chi tiết,2026-06-08
mình hỏi Order tour Vũng Tàu,2026-06-08
tìm,2026-06-08
Đà Nẵng,2026-06-08
 ,2026-06-08
 ,2026-06-08
mình hỏi Khuyến mãi tour Phú Quốc,2026-06-08
mình hỏi Chè Hội An ngon,2026-06-08
 ,2026-06-08
cee you later,2026-06-08
 ,2026-06-08
 ,2026-06-08
 ,2026-06-08
lúc khác nhắn tiếp,2026-06-08
cho tôi,2026-06-08
làm nông,2026-06-08
 ,2026-06-08
ad,2026-06-08
nghỉ,2026-06-08
 ,2026-06-08
 ,2026-06-08
làm ơn Tôi đã đi Hội An năm ngoái rất thích,2026-06-08
 ,2026-06-08
cho tôi hỏi mũi né mùa nào đẹp nhất,2026-06-08
cho tôi,2026-06-08
đồng bằng,2026-06-08
mình hỏi Đi Mũi Né dịp lễ có vui không,2026-06-08
cho tôi hỏi Vợ chồng tôi cưới ở Phú Quốc,2026-06-08
mình hỏi,2026-06-08
làm ơn Hà Nội ở đâu,2026-06-08
mình hỏi Khu nghỉ dưỡng Sa Pa,2026-06-08
ad ơi Hải sản Sa Pa tươi ngon,2026-06-08
khoảng [3 ngày](duration),2026-06-08
mình hỏi Ẩm thực Hà Nội món gì đặc sản,2026-06-08
mình hỏi Chi phí thuê xe Hà Nội,2026-06-08
lạng sơn,2026-06-08
làm ơn Phú Quốc có j chơi,2026-06-08
ad ơi vũng tàu nổi tiếng về gì,2026-06-08
 ,2026-06-08
 ,2026-06-08
 ,2026-06-08
ad ơi Tour Nha Trang khuyến mãi,2026-06-08
cho hỏi thêm xíu nha,2026-06-08
xin list đồ ăn vặt,2026-06-08
 ,2026-06-08
cưỡi voi,2026-06-08
ad ơi Hải sản Phú Quốc tươi ngon,2026-06-08
làm,2026-06-08
làm ơn Từ Hà Nội đi Sa Pa bằng j,2026-06-08
 ,2026-06-08
mình muốn đi nha trang,2026-06-08
mình hỏi Thông tin du lịch Mũi Né,2026-06-08
Thời tiết Huế tháng 12,2026-06-08
 ,2026-06-08
cho em hỏi Đi thuyền Vũng Tàu,2026-06-08
 ,2026-06-08
 ,2026-06-08
ad ơi Khách sạn Sa Pa gần chợ đêm,2026-06-08
 ,2026-06-08
 ,2026-06-08
good,2026-06-08
làm ơn Giá vé Huế cho trẻ em,2026-06-08
sống ảo,2026-06-08
Mùa,2026-06-08
[2 củ](budget),2026-06-08
cho em,2026-06-08
cho em,2026-06-08
làm ơn Đi Nha Trang tham quan gì,2026-06-08
Khách sạn Sa Pa gần chợ đêm,2026-06-08
villa mũi né hồ bơi,2026-06-08
cho em hỏi Xe khách đi Hội An giờ nào,2026-06-08
làm ơn Đi Huế bao nhiêu ngày,2026-06-08
 ,2026-06-08
 ,2026-06-08
ad ơi Check in Đà Nẵng ở đâu,2026-06-08
ad ơi Các hãng bay đến Vũng Tàu,2026-06-08
 ,2026-06-08
cho em,2026-06-08
Du,2026-06-08
mình hỏi Đặt tour Mũi Né cho đoàn,2026-06-08
 ,2026-06-08
cho em hỏi Phú Quốc có gì chơi,2026-06-08
Tour Vũng Tàu cho cặp đôi,2026-06-08
"tôi muốn đi du lịch [mùa hè](season), ngân sách [1 triệu](budget)",2026-06-08
 ,2026-06-08
mức giá vé như nào,2026-06-08
làm ơn,2026-06-08
nơi,2026-06-08
chính sách đổi trả ra sao,2026-06-08
làm ơn Giới thiệu về Phú Quốc,2026-06-08
 ,2026-06-08
làm,2026-06-08
cho em hỏi Tôi muốn đưa con đi Phú Quốc,2026-06-08
 ,2026-06-08
 ,2026-06-08
làm ơn Đi Vũng Tàu bao nhiêu ngày,2026-06-08
phố núi,2026-06-08
làm ơn chèo thuyền ở đà lạt,2026-06-08
cho tôi,2026-06-08
 ,2026-06-08
làm ơn,2026-06-08
ad,2026-06-08
 ,2026-06-08
 ,2026-06-08
mình hỏi tour đà nẵng cho người già,2026-06-08
làm ơn Tour Đà Nẵng 4 ngày 3 đêm,2026-06-08
làm ơn nhiệt độ phú quốc trung bình,2026-06-08
 ,2026-06-08
zipline,2026-06-08
cho em hỏi Ở Phú Quốc 4 ngày đi đâu,2026-06-08
mình hỏi Cả nhà tôi đi Nha Trang dịp Tết,2026-06-08
mình hỏi Glamping Đà Lạt,2026-06-08
vị trí có thuận tiện đi lại không,2026-06-08
ad ơi homestay đẹp ở hà nội,2026-06-09
làm ơn Công ty tôi tổ chức team building ở Phú Quốc,2026-06-09
gợi ý chuyến đi Nha Trang [3 ngày](duration) tầm [5 triệu](budget),2026-06-09
tour nha trang cuối tuần,2026-06-09
cho tôi hỏi Top địa điểm Hà Nội,2026-06-09
goodevening,2026-06-09
tàu lửa,2026-06-09
 ,2026-06-09
 ,2026-06-09
cho em,2026-06-09
Check,2026-06-09
 ,2026-06-09
ad ơi Xe limousine đi Mũi Né,2026-06-09
 ,2026-06-09
cho tôi hỏi,2026-06-09
tour Đà Lạt [tháng 12](month) còn trống chỗ không,2026-06-09
cho em,2026-06-09
 ,2026-06-09
 ,2026-06-09
 ,2026-06-09
cho em hỏi Resort Mũi Né gia đình,2026-06-09
cho tôi hỏi Đặt tour Mũi Né cho đoàn,2026-06-09
làm ơn,2026-06-09
chèo sup,2026-06-09
cho tôi hỏi Gợi ý lịch trình Mũi Né,2026-06-09
mình hỏi Bài viết về Đà Nẵng,2026-06-09
ưng ý lắm,2026-06-09
 ,2026-06-09
 ,2026-06-09
có quán nào ngon chân ái không,2026-06-09
 ,2026-06-09
làm ơn Khách sạn Sa Pa giá rẻ,2026-06-09
 ,2026-06-09
 ,2026-06-09
ad ơi Sa Pa ăn gì cho bữa sáng,2026-06-09
 ,2026-06-09
ad ơi,2026-06-09
 ,2026-06-09
 ,2026-06-09
cho em hỏi đi vũng tàu bằng xe máy,2026-06-09
 ,2026-06-09
 ,2026-06-09
ad ơi Đi Đà Lạt mùa nào đẹp,2026-06-09
 ,2026-06-09
làm ơn đặt tour hà nội khuyến mãi,2026-06-09
 ,2026-06-09
mình hỏi Chi phí thuê xe Hà Nội,2026-06-09
 ,2026-06-09
 ,2026-06-09
 ,2026-06-09
làm ơn đi đà lạt 1 ngày thì đi đâu,2026-06-09
làm,2026-06-09
 ,2026-06-09
 ,2026-06-09
tui muốn đi từ tháng 2 đến tháng 5,2026-06-09
làm ơn Top địa điểm Huế,2026-06-09
Lặn ngắm san hô Sa Pa,2026-06-09
làm ơn Homestay Vũng Tàu view đẹp,2026-06-09
cho em hỏi Nha Trang có quán nào nổi tiếng,2026-06-09
cho em hỏi căn hộ hội an view đẹp,2026-06-09
 ,2026-06-09
 ,2026-06-09
thời tiết ở Sapa [tháng 11](month) thế nào,2026-06-09
muốn,2026-06-09
thế còn sapa,2026-06-09
 ,2026-06-09
 ,2026-06-09
 ,2026-06-09
cho tôi,2026-06-09
nhà hàng,2026-06-09
cho tôi hỏi Villa Mũi Né hồ bơi,2026-06-09
 ,2026-06-09
Hạ,2026-06-09
ad ơi công ty tôi tổ chức team building ở mũi né,2026-06-09
cho em hỏi Khu nghỉ dưỡng Hội An,2026-06-09
đồi núi,2026-06-09
ad ơi Tiền ăn ở Hội An 1 ngày,2026-06-09
làm ơn Chợ Mũi Né ẩm thực,2026-06-09
giá vé [xe khách](transportation) bao nhiêu,2026-06-09
 ,2026-06-09
ad ơi,2026-06-09
Bánh xèo Hà Nội,2026-06-09
 ,2026-06-09
 ,2026-06-09
cho em hỏi lẩu hà nội ăn ở đâu,2026-06-09
cho tôi hỏi Căn hộ Hội An view đẹp,2026-06-09
 ,2026-06-09
thuyền,2026-06-09
ad ơi Sa Pa ăn gì cho bữa sáng,2026-06-09
[leo núi](activity) [tháng 10](month),2026-06-09
cho em hỏi Tour Vũng Tàu 3 ngày 2 đêm,2026-06-09
mình hỏi Lưu trú ở Sa Pa gần chợ,2026-06-09
 ,2026-06-09
 ,2026-06-09
cho tôi hỏi Đi thuyền Hà Nội,2026-06-09
máy bay bay,2026-06-09
làm ơn,2026-06-09
đi [tắm biển](activity) ở đâu,2026-06-09
 ,2026-06-09
 ,2026-06-09
ad ơi hải sản sa pa tươi ngon,2026-06-09
cho tôi hỏi Tour Đà Nẵng team building,2026-06-09
 ,2026-06-09
cho tôi,2026-06-09
 ,2026-06-09
 ,2026-06-09
 ,2026-06-09
cho xin review đi Sapa [tháng 10](month),2026-06-09
cho em hỏi Taxi ở Nha Trang giá rẻ,2026-06-09
cho tôi hỏi mì quảng hà nội,2026-06-09
làm ơn Đặt tour Hội An khuyến mãi,2026-06-09
 ,2026-06-09
làm ơn,2026-06-09
ad ơi Nên đi Phú Quốc mấy ngày,2026-06-09
đi [trekking](activity) vào [tháng 10](month) thì nên đi đâu,2026-06-09
vé vào cửa đắt không,2026-06-09
cho tôi hỏi câu cá ở huế,2026-06-09
 ,2026-06-09
 ,2026-06-09
muốn đi [biển](category),2026-06-09
 ,2026-06-09
mình hỏi Gợi ý lịch trình Mũi Né,2026-06-09
 ,2026-06-09
cho em hỏi Cafe view đẹp Hà Nội,2026-06-09
tour phú quốc trọn gói bao gồm,2026-06-09
 ,2026-06-09
mình hỏi Cả nhà tôi đi Huế dịp Tết,2026-06-09
 ,2026-06-09
ad ơi Cafe view đẹp Nha Trang,2026-06-09
cho tôi hỏi Đi Đà Lạt mùa nào đẹp,2026-06-09
 ,2026-06-09
ad ơi Lặn ngắm san hô Sa Pa,2026-06-09
thanh toán qua chuyển khoản được không,2026-06-09
ad ơi,2026-06-09
indeed,2026-06-09
 ,2026-06-09
 ,2026-06-09
 ,2026-06-09
bị ốm đột xuất hủy tour thế nào,2026-06-09
 ,2026-06-09
 ,2026-06-09
cee you later,2026-06-09
good morning,2026-06-09
 ,2026-06-09
 ,2026-06-09
mình hỏi Đi Đà Lạt trong 2 ngày,2026-06-09
làm ơn Bài viết về Đà Lạt,2026-06-09
ad ơi Tôi ở Vũng Tàu rồi muốn đi tiếp,2026-06-09
 ,2026-06-09
 ,2026-06-09
cho em,2026-06-09
 ,2026-06-09
đặt tour,2026-06-09
thuê [resort](category) [hà nội](location),2026-06-09
gợi ý,2026-06-09
đặt,2026-06-09
cho em hỏi Ăn chay Huế,2026-06-09
 ,2026-06-09
làm ơn Mùa mưa ở Mũi Né tháng nào,2026-06-09
cho tôi hỏi bạn tôi gợi ý đi sa pa,2026-06-09
mình hỏi Chia sẻ kinh nghiệm Vũng Tàu,2026-06-09
 ,2026-06-09
 ,2026-06-09
cho em hỏi Tôi ở Vũng Tàu r muốn đi tiếp,2026-06-09
cho em,2026-06-09
làm ơn,2026-06-09
Lào Cai,2026-06-09
giá rẻ,2026-06-09
làm ơn Đặt vé máy bay đi Hà Nội,2026-06-09
 ,2026-06-09
từ Sài Gòn ra Nha Trang bằng [máy bay](transportation),2026-06-09
làm ơn Đặt tour Mũi Né cho đoàn,2026-06-09
cho em hỏi Vợ chồng tôi cưới ở Phú Quốc,2026-06-09
mình hỏi Tàu hỏa đi Nha Trang,2026-06-09
 ,2026-06-09
gợi ý nơi giá rẻ,2026-06-09
Chợ Cốc Lếu,2026-06-09
mình hỏi Tắm nước nóng Phú Quốc,2026-06-09
Đặt tour Đà Lạt tiết kiệm,2026-06-09
ad ơi,2026-06-09
câu cá ở đà nẵng,2026-06-09
 ,2026-06-09
cho tôi,2026-06-09
 ,2026-06-09
 ,2026-06-09
cho tôi hỏi Hội An ở đâu,2026-06-09
ad ơi Lặn biển ở Nha Trang,2026-06-09
 ,2026-06-09
 ,2026-06-09
cho em,2026-06-09
làm ơn Giá vé Huế cho trẻ em,2026-06-09
 ,2026-06-09
chỗ nào leo núi đẹp vào [tháng 10](month),2026-06-09
ad ơi Tour Vũng Tàu giá học sinh,2026-06-09
Kinh phí đi Vũng Tàu tiết kiệm,2026-06-09
làm ơn Chi phí thuê xe Hà Nội,2026-06-09
 ,2026-06-09
 ,2026-06-09
cho em hỏi Tôi muốn đưa con đi Phú Quốc,2026-06-09
ad ơi Quán ăn ngon ở Nha Trang,2026-06-09
đu dây,2026-06-09
 ,2026-06-09
Cảnh đẹp Mũi Né nổi tiếng,2026-06-09
cho tôi,2026-06-09
 ,2026-06-09
cắm trại huế,2026-06-09
ad ơi Tắm nước nóng Hà Nội,2026-06-09
ad ơi Lịch trình Hội An cho người già,2026-06-09
làm ơn bánh xèo phú quốc,2026-06-09
 ,2026-06-09
 ,2026-06-09
du lịch quanh Hà Nội ngân sách [1 triệu](budget),2026-06-09
làm ơn Bài viết về Đà Lạt,2026-06-09
giá có hạt dẻ không,2026-06-09
mình hỏi đi vũng tàu bằng xe máy,2026-06-09
(?i)\d+\s*(?:ngày|ngay)\s*\d+\s*(?:đêm|dem),2026-06-09
cho em hỏi Từ Hà Nội đi Phú Quốc bằng j,2026-06-09
cho em hỏi Booking tour Đà Lạt giá rẻ,2026-06-09
mình hỏi,2026-06-09
mình hỏi,2026-06-09
cho em hỏi kỳ nghỉ hà nội,2026-06-09
Bình Dương,2026-06-09
 ,2026-06-09
 ,2026-06-09
 ,2026-06-09
 ,2026-06-09
ad ơi Tour Nha Trang 5 ngày 4 đêm,2026-06-09
ad ơi Tôi ở Vũng Tàu rồi muốn đi tiếp,2026-06-09
 ,2026-06-09
"(?i)(?:[-+]\s*)?\b\d+(?:[\.,]\d+)?\s*tr\b",2026-06-09
cho em hỏi Kinh nghiệm đi Đà Nẵng lần đầu,2026-06-09
 ,2026-06-09
cho tôi hỏi Khách sạn Vũng Tàu trung tâm,2026-06-09
làm ơn nhà nghỉ đà nẵng trung tâm,2026-06-09
 ,2026-06-09
tôi,2026-06-09
cho em hỏi tour sa pa cho người già,2026-06-09
du lịch quanh Hà Nội ngân sách [1 triệu](budget),2026-06-09
ad ơi Combo Phú Quốc trọn gói,2026-06-09
 ,2026-06-09
cho em hỏi Lặn ngắm san hô Sa Pa,2026-06-09
Củ Chi,2026-06-09
 ,2026-06-09
 ,2026-06-09
cho,2026-06-09
 ,2026-06-09
Phu,2026-06-09
cho em,2026-06-09
tôi ở vũng tàu rồi muốn đi tiếp,2026-06-09
mình hỏi Tour Hà Nội cho gia đình,2026-06-09
 ,2026-06-09
 ,2026-06-09
làm ơn Gợi ý lịch trình Mũi Né,2026-06-09
 ,2026-06-09
Côn Đảo,2026-06-09
Bắc,2026-06-09
ad ơi Tôi muốn đưa con đi Vũng Tàu,2026-06-09
ad,2026-06-09
 ,2026-06-09
làm ơn Từ Hà Nội đi Phú Quốc bằng gì,2026-06-09
 ,2026-06-09
cho em hỏi gợi ý lịch trình mũi né,2026-06-09
 ,2026-06-09
cho tôi hỏi Thông tin du lịch Mũi Né,2026-06-09
cho tôi hỏi Đặt tour Đà Lạt tiết kiệm,2026-06-09
tour đà lạt 3 ngày 2 đêm này giá chính xác bao nhiêu,2026-06-09
đà lạt,2026-06-09
 ,2026-06-09
 ,2026-06-09
 ,2026-06-09
Vé máy bay Hội An khứ hồi,2026-06-09
mình hỏi Booking homestay Đà Nẵng giá rẻ,2026-06-09
Bình Phước,2026-06-09
cưỡi ngựa,2026-06-09
xe limousine đi mũi né,2026-06-09
 ,2026-06-09
làm ơn Chi phí du lịch Hà Nội 3 ngày,2026-06-09
 ,2026-06-09
ad ơi Đặt tour Đà Nẵng tiết kiệm,2026-06-09
tư vấn mình với,2026-06-09
 ,2026-06-09
cho em hỏi Giá vé Huế cho trẻ em,2026-06-09
mùa hoa nở,2026-06-09
 ,2026-06-09
cho em hỏi nhà nghỉ mũi né giá rẻ,2026-06-09
cho em hỏi Hải sản Phú Quốc tươi ngon,2026-06-09
ad ơi Khám phá Huế,2026-06-09
 ,2026-06-09
Đặc,2026-06-09
cho em hỏi Phương tiện đi Hà Nội rẻ nhất,2026-06-09
 ,2026-06-09
ăn gì ở hội an,2026-06-09
ad ơi lặn ngắm san hô sa pa,2026-06-09
Nha,2026-06-09
 ,2026-06-09
 ,2026-06-09
chính xác,2026-06-09
cho em hỏi Xe đạp đi Phú Quốc,2026-06-09
ad ơi Tour Vũng Tàu 3 ngày 2 đêm,2026-06-09
 ,2026-06-09
 ,2026-06-09
ad ơi Chia sẻ kinh nghiệm Sa Pa,2026-06-09
cho tôi,2026-06-09
sắp xếp lịch trình đi chơi Nha Trang,2026-06-09
mình hỏi Tour Phú Quốc trọn gói bao gồm,2026-06-09
cho em,2026-06-09
cắm trại,2026-06-09
mình,2026-06-09
cho em hỏi Khám phá Hà Nội,2026-06-09
làm ơn tour du lịch đà nẵng giá rẻ,2026-06-09
mùa lạnh,2026-06-09
 ,2026-06-09
mình hỏi giá vé huế cho trẻ em,2026-06-09
làm ơn Nhiệt độ Sa Pa trung bình,2026-06-09
ad,2026-06-09
 ,2026-06-09
cho tôi hỏi Đặt tour Mũi Né cho đoàn,2026-06-09
 ,2026-06-09
Sapa có món gì ngon,2026-06-09
mình hỏi,2026-06-09
cho tôi hỏi Resort Đà Nẵng hồ bơi,2026-06-09
cho tôi hỏi Booking homestay Đà Nẵng giá rẻ,2026-06-09
làm ơn combo huế trọn gói,2026-06-09
cho em hỏi câu cá ở huế,2026-06-09
 ,2026-06-09
cho tôi hỏi tour đà nẵng nghỉ dưỡng,2026-06-09
ad ơi phú quốc có gì ngon,2026-06-09
mình hỏi Tôi muốn tìm hiểu về Vũng Tàu,2026-06-09
ad ơi Tour Hà Nội cho gia đình,2026-06-09
 ,2026-06-09
 ,2026-06-09
xin chào,2026-06-09
đà lạt đợt này có lễ hội gì không,2026-06-09
đắt quá thôi,2026-06-09
 ,2026-06-09
mình,2026-06-09
tư vấn tour [4 ngày 3 đêm](duration),2026-06-09
 ,2026-06-09
đồi,2026-06-09
cho em hỏi giá tour phú quốc bao nhiêu,2026-06-09
ad ơi Homestay Đà Lạt cho đôi người,2026-06-09
cho em hỏi Nha Trang ăn j cho bữa sáng,2026-06-09
 ,2026-06-09
 ,2026-06-09
 ,2026-06-09
Bạc Liêu,2026-06-09
 ,2026-06-09
 ,2026-06-09
cho tôi,2026-06-09
cho tôi hỏi Đi Mũi Né bằng xe máy,2026-06-09
Phú,2026-06-09
 ,2026-06-09
làm ơn Cắm trại Huế,2026-06-09
 ,2026-06-09
 ,2026-06-09
cho em,2026-06-09
gợi,2026-06-09
cho em hỏi Nha Trang cách Hà Nội bao xa,2026-06-09
 ,2026-06-09
cho em hỏi Chia sẻ kinh nghiệm Đà Nẵng,2026-06-09
 ,2026-06-09
cho em,2026-06-09
cho em hỏi Xe limousine đi Mũi Né,2026-06-09
đi [máy bay](transportation) nhé,2026-06-09
cho em,2026-06-09
ad ơi Kinh phí đi Sa Pa tiết kiệm,2026-06-09
ad ơi đi sa pa bằng tàu cao tốc,2026-06-09
cho tôi hỏi Nên đi Mũi Né không,2026-06-09
ad ơi nhiệt độ nha trang trung bình,2026-06-09
Đắk,2026-06-09
 ,2026-06-09
 ,2026-06-09
 ,2026-06-09
 ,2026-06-09
mình hỏi Tour Phú Quốc giá học sinh,2026-06-09
 ,2026-06-09
cho tôi hỏi Đà Nẵng ăn j cho bữa sáng,2026-06-09
 ,2026-06-09
cho tôi hỏi Bánh xèo Hà Nội,2026-06-09
Đắk Lắk,2026-06-09
mình hỏi Tour Hội An nghỉ dưỡng,2026-06-09
cho tôi hỏi Có gì đẹp ở Hội An,2026-06-09
Hạ Long,2026-06-09
 ,2026-06-09
 ,2026-06-09
mình hỏi Kinh phí đi Vũng Tàu tiết kiệm,2026-06-09
 ,2026-06-09
cho tôi hỏi Đi thác Đà Nẵng tham quan,2026-06-09
 ,2026-06-09
ad ơi mũi né ăn gì cho bữa sáng,2026-06-09
bye shop,2026-06-09
 ,2026-06-09
 ,2026-06-09
 ,2026-06-09
Đặt tour Vũng Tàu cho đoàn,2026-06-09
 ,2026-06-09
 ,2026-06-09
cho tôi hỏi Tour Sa Pa VIP 5 sao,2026-06-09
cho em,2026-06-09
ad ơi ăn chay huế,2026-06-09
làm,2026-06-09
see you around,2026-06-09
 ,2026-06-09
cho em hỏi Đặc sản Đà Nẵng phải thử,2026-06-09
Sóc Trăng,2026-06-09
 ,2026-06-09
 ,2026-06-09
làm ơn,2026-06-09
Yên Bái,2026-06-09
hiking,2026-06-09
 ,2026-06-09
ad ơi Booking tour Nha Trang giá tốt,2026-06-09
mình hỏi Gợi ý tour Mũi Né 2 ngày,2026-06-09
mình hỏi booking tour huế giá tốt,2026-06-09
cho em,2026-06-09
mình hỏi Lịch trình Vũng Tàu tự túc,2026-06-09
làm ơn đi bộ biển mũi né,2026-06-09
 ,2026-06-09
 ,2026-06-09
 ,2026-06-09
 ,2026-06-09
 ,2026-06-09
Tắm nước nóng Phú Quốc,2026-06-09
Booking tour Nha Trang giá tốt,2026-06-09
tôi muốn đi Sapa,2026-06-09
mình hỏi homestay đẹp ở hà nội,2026-06-09
 ,2026-06-09
cho em hỏi Ở Đà Nẵng mấy ngày là đủ,2026-06-09
khí hậu ở đó thế nào,2026-06-09
cho em hỏi Tôi đã đi Sa Pa năm ngoái rất thích,2026-06-09
hủy vé có mất phí không,2026-06-09
làm ơn Bố mẹ tôi thích Nha Trang,2026-06-09
làm,2026-06-09
cho tôi hỏi Mũi Né ăn gì cho bữa sáng,2026-06-09
mình,2026-06-09
cho tôi hỏi Lịch trình Hội An cho người già,2026-06-09
cho tôi hỏi tôi nghe nói sa pa rất đẹp,2026-06-09
cho tôi,2026-06-09
 ,2026-06-09
làm ơn,2026-06-09
 ,2026-06-09
cưỡi ngựa,2026-06-09
ad ơi Khí hậu Vũng Tàu như thế nào,2026-06-09
 ,2026-06-09
cho tôi hỏi Sa Pa ăn gì cho bữa sáng,2026-06-09
 ,2026-06-09
xin,2026-06-09
 ,2026-06-09
 ,2026-06-09
thời,2026-06-09
 ,2026-06-09
 ,2026-06-09
 ,2026-06-09
 ,2026-06-09
 ,2026-06-09
 ,2026-06-09
 ,2026-06-09
miền Tây,2026-06-09
cho tôi hỏi Ngắm hoàng hôn Hội An,2026-06-09
từ Sài Gòn ra Nha Trang bằng [máy bay](transportation),2026-06-09
cho em hỏi đặt tour mũi né cho đoàn,2026-06-09
 ,2026-06-09
cho tôi hỏi Homestay Vũng Tàu view đẹp,2026-06-09
làm ơn,2026-06-09
làm ơn Resort Đà Lạt 5 sao,2026-06-09
ad ơi Gợi ý lịch trình Mũi Né,2026-06-09
cho tôi hỏi Đặt tour Đà Lạt tiết kiệm,2026-06-09
Công ty tôi tổ chức team building ở Phú Quốc,2026-06-09
ad ơi Nha Trang có quán nào nổi tiếng,2026-06-09
goodmorning,2026-06-09
ad ơi Câu cá ở Đà Nẵng,2026-06-09
ad ơi Booking tour Vũng Tàu giá rẻ,2026-06-09
 ,2026-06-09
mình hỏi Reserve phòng Đà Nẵng,2026-06-09
 ,2026-06-09
cưỡi voi,2026-06-09
cho tôi hỏi Kinh nghiệm đi Đà Nẵng lần đầu,2026-06-09
 ,2026-06-09
 ,2026-06-09
trẻ,2026-06-09
 ,2026-06-09
câu cá ở huế,2026-06-09
 ,2026-06-09
đúng r,2026-06-09
 ,2026-06-09
good,2026-06-09
Khu nghỉ dưỡng Sa Pa,2026-06-09
 ,2026-06-09
 ,2026-06-09
 ,2026-06-09
làm ơn Đi Mũi Né dịp lễ có vui không,2026-06-09
làm ơn,2026-06-09
 ,2026-06-09
làm ơn,2026-06-09
mình hỏi,2026-06-09
 ,2026-06-09
đúng,2026-06-09
Chè,2026-06-09
ad ơi Homestay đẹp ở Hà Nội,2026-06-09
 ,2026-06-09
cho tôi hỏi Check in Huế ở đâu,2026-06-10
đi bằng [ô tô](transportation) cá nhân được không,2026-06-10
mình hỏi Ở Đà Nẵng mấy ngày là đủ,2026-06-10
quán bar,2026-06-10
ăn đặc sản,2026-06-10
cho em hỏi tour huế khuyến mãi,2026-06-10
Phương tiện đi Hà Nội rẻ nhất,2026-06-10
chợ bến thành,2026-06-10
làm ơn Booking tour Vũng Tàu giá rẻ,2026-06-10
 ,2026-06-10
glamping,2026-06-10
cho tôi,2026-06-10
 ,2026-06-10
Biển Nha Trang,2026-06-10
cho tôi hỏi khách sạn nha trang gần sân bay,2026-06-10
 ,2026-06-10
Ninh Bình,2026-06-10
làm ơn Khu nghỉ dưỡng Hội An,2026-06-10
Phú Yên,2026-06-10
 ,2026-06-10
tìm tour,2026-06-10
mình hỏi đi mũi né bằng xe máy,2026-06-10
 ,2026-06-10
ad ơi resort đà lạt 5 sao,2026-06-10
 ,2026-06-10
nhiệt độ phú quốc trung bình,2026-06-10
du thuyền,2026-06-10
cho em hỏi Cắm trại Hội An,2026-06-10
 ,2026-06-10
 ,2026-06-10
cho em hỏi nhóm bạn tôi định đi vũng tàu tháng sau,2026-06-10
muốn tìm nơi [chữa lành](category),2026-06-10
Du lịch Đà Lạt tự túc,2026-06-10
Chia sẻ kinh nghiệm Sa Pa,2026-06-10
 ,2026-06-10
 ,2026-06-10
ăn hải sản,2026-06-10
cho em hỏi đi chợ hội an về đêm,2026-06-10
làm ơn Review du lịch Huế,2026-06-10
Bài viết về Đà Nẵng,2026-06-10
báo giá,2026-06-10
road trip,2026-06-10
mình hỏi Khám phá ẩm thực đường phố Hội An,2026-06-10
mình hỏi Mũi Né ăn gì cho bữa sáng,2026-06-10
 ,2026-06-10
 ,2026-06-10
[tháng 12](month),2026-06-10
 ,2026-06-10
 ,2026-06-10
Nhà hàng Vũng Tàu sang trọng,2026-06-10
 ,2026-06-10
cho em hỏi Du lịch Đà Lạt tự túc,2026-06-10
Kế hoạch du lịch Huế,2026-06-10
 ,2026-06-10
 ,2026-06-10
mình,2026-06-10
 ,2026-06-10
cho tôi hỏi Tàu hỏa Huế bao nhiêu tiền,2026-06-10
 ,2026-06-10
 ,2026-06-10
xe khách,2026-06-10
cho tôi,2026-06-10
muốn,2026-06-10
cho em hỏi Bánh xèo Phú Quốc,2026-06-10
mình hỏi thông tin du lịch mũi né,2026-06-10
cho tôi,2026-06-10
 ,2026-06-10
 ,2026-06-10
vui chơi,2026-06-10
 ,2026-06-10
Chi phí thuê xe Vũng Tàu,2026-06-10
làm ơn,2026-06-10
gợi,2026-06-10
cho tôi hỏi Kinh nghiệm đi Đà Nẵng lần đầu,2026-06-10
 ,2026-06-10
cho em hỏi Hải sản Phú Quốc tươi ngon,2026-06-10
 ,2026-06-10
 ,2026-06-10
cho tôi,2026-06-10
cho em hỏi Các hãng bay đến Vũng Tàu,2026-06-10
cho em hỏi Chi phí ăn uống ở Đà Lạt,2026-06-10
 ,2026-06-10
cho tôi hỏi Từ Hà Nội đi Sa Pa bằng j,2026-06-10
 ,2026-06-10
 ,2026-06-10
làm ơn Khí hậu Vũng Tàu như thế nào,2026-06-10
cho tôi hỏi chi phí mũi né 4 ngày 3 đêm,2026-06-10
thời tiết ở Sapa [tháng 11](month) thế nào,2026-06-10
ad ơi Đặc sản Đà Nẵng phải thử,2026-06-10
cho tôi,2026-06-10
làm ơn Đặc sản Đà Nẵng phải thử,2026-06-10
sống,2026-06-10
 ,2026-06-10
Quảng Ngãi,2026-06-10
 ,2026-06-10
mà thôi cho tôi đi đà lạt,2026-06-10
mình hỏi Lịch trình Mũi Né tự túc,2026-06-10
 ,2026-06-10
mình hỏi,2026-06-10
cho tôi hỏi tôi đã đi sa pa năm ngoái rất thích,2026-06-10
 ,2026-06-10
 ,2026-06-10
 ,2026-06-10
cho tôi,2026-06-10
ad ơi Giá tour Phú Quốc bao nhiêu,2026-06-10
 ,2026-06-10
[xe khách](transportation),2026-06-10
ở Vũng Tàu thì sao,2026-06-10
 ,2026-06-10
biệt thự,2026-06-10
homestay trải nghiệm,2026-06-10
cho tôi hỏi Giới thiệu về Phú Quốc,2026-06-10
ad ơi Tôi muốn đưa con đi Mũi Né,2026-06-10
cho tôi hỏi chia sẻ kinh nghiệm phú quốc,2026-06-10
 ,2026-06-10
 ,2026-06-10
 ,2026-06-10
Hà Giang,2026-06-10
ad,2026-06-10
[5,2026-06-10
 ,2026-06-10
hòn đảo,2026-06-10
ad ơi Booking tour Nha Trang giá tốt,2026-06-10
Thời gian lý tưởng đi Vũng Tàu,2026-06-10
 ,2026-06-10
[cắm trại](activity) ở Đà Lạt,2026-06-10
 ,2026-06-10
ad ơi Khu nghỉ dưỡng Sa Pa,2026-06-10
 ,2026-06-10
 ,2026-06-10
 ,2026-06-10
 ,2026-06-10
chính xác,2026-06-10
Lượng mưa Đà Lạt hàng năm,2026-06-10
 ,2026-06-10
ad ơi,2026-06-10
 ,2026-06-10
mình hỏi Khám phá ẩm thực đường phố Hội An,2026-06-10
 ,2026-06-10
tour vũng tàu cho cặp đôi,2026-06-10
cho em hỏi Nhà nghỉ Mũi Né giá rẻ,2026-06-10
[resort](category),2026-06-10
Tiền,2026-06-10
cho em hỏi Homestay Vũng Tàu view đẹp,2026-06-10
 ,2026-06-10
 ,2026-06-10
ad ơi,2026-06-10
cho tôi hỏi Booking tour Đà Nẵng giá rẻ,2026-06-10
book,2026-06-10
mình hỏi Chi phí thuê xe Vũng Tàu,2026-06-10
 ,2026-06-10
ad ơi,2026-06-10
hi shop,2026-06-10
 ,2026-06-10
làm,2026-06-10
làm ơn,2026-06-10
 ,2026-06-10
mình hỏi check in huế ở đâu,2026-06-10
cho em hỏi Cắm trại Huế,2026-06-10
 ,2026-06-10
 ,2026-06-10
 ,2026-06-10
let's go,2026-06-10
 ,2026-06-10
ad ơi hải sản sa pa tươi ngon,2026-06-10
cách sắp xếp thời gian đi Hà Giang,2026-06-10
cho tôi,2026-06-10
mình hỏi Tour Huế cho cặp đôi,2026-06-10
 ,2026-06-10
khách sạn sa pa giá rẻ,2026-06-10
 ,2026-06-10
Tour Vũng Tàu giá học sinh,2026-06-10
tour vũng tàu giá học sinh,2026-06-10
Mùa khô ở Hà Nội,2026-06-10
 ,2026-06-10
mình hỏi Đi Mũi Né bằng xe máy,2026-06-10
 ,2026-06-10
 ,2026-06-10
gợi ý,2026-06-10
Thừa Thiên Huế,2026-06-10
 ,2026-06-10
 ,2026-06-10
cho tôi hỏi Mì quảng Hà Nội,2026-06-10
 ,2026-06-10
mình hỏi nha trang có quán nào nổi tiếng,2026-06-10
xe bus,2026-06-10
mình,2026-06-10
ad ơi,2026-06-10
 ,2026-06-10
 ,2026-06-10
 ,2026-06-10
 ,2026-06-10
cho em hỏi Book phòng Đà Lạt view biển,2026-06-10
cho em hỏi Chi phí đi Vũng Tàu tự túc,2026-06-10
mình hỏi nhóm bạn tôi định đi vũng tàu tháng sau,2026-06-10
Sài,2026-06-10
làm ơn Dự báo thời tiết Huế,2026-06-10
 ,2026-06-10
 ,2026-06-10
ad ơi Tôi nghe nói Sa Pa rất đẹp,2026-06-10
làm ơn Tour Vũng Tàu 5 ngày 4 đêm,2026-06-10
[cắm trại](activity) ở Đà Lạt,2026-06-10
 ,2026-06-10
Có gì đẹp ở Hội An,2026-06-10
Buffet Nha Trang giá rẻ,2026-06-10
 ,2026-06-10
Hội An,2026-06-10
 ,2026-06-10
cho tôi hỏi Booking tour Đà Nẵng giá rẻ,2026-06-10
làm ơn Nha Trang có quán nào nổi tiếng,2026-06-10
 ,2026-06-10
 ,2026-06-10
 ,2026-06-10
tour đà lạt đi bằng xe giường nằm hay xe ngồi,2026-06-10
cho em hỏi Lịch trình Hội An cho người già,2026-06-10
mình hỏi Tour Hà Nội cho gia đình,2026-06-10
cho tôi hỏi Top địa điểm Huế,2026-06-10
đổi,2026-06-10
Đặt,2026-06-10
 ,2026-06-10
tour vũng tàu giá học sinh,2026-06-10
 ,2026-06-10
trên,2026-06-10
tham quan,2026-06-10
tôi muốn đi trong [tháng 5](month),2026-06-10
làm ơn đi sa pa bằng tàu cao tốc,2026-06-10
ẩm,2026-06-10
 ,2026-06-10
cho em,2026-06-10
 ,2026-06-10
cho em,2026-06-10
hello ad,2026-06-10
mình hỏi Tour Đà Nẵng nghỉ dưỡng,2026-06-10
 ,2026-06-10
 ,2026-06-10
hà nam,2026-06-10
limousine,2026-06-10
mình hỏi Tour Nha Trang 5 ngày 4 đêm,2026-06-10
cho tôi hỏi Ăn chay Huế,2026-06-10
 ,2026-06-10
Cả nhà tôi đi Huế dịp Tết,2026-06-10
cho em hỏi Chi phí thuê xe Hà Nội,2026-06-10
 ,2026-06-10
 ,2026-06-10
cho tôi hỏi Chia sẻ kinh nghiệm Sa Pa,2026-06-10
làm ơn Tôi muốn đưa con đi Mũi Né,2026-06-10
mình hỏi Chi phí du lịch Huế 3 ngày,2026-06-10
nơi nào đi chơi tiết kiệm,2026-06-10
 ,2026-06-10
 ,2026-06-10
 ,2026-06-10
cho tôi,2026-06-10
làm ơn Món Việt Nha Trang ngon,2026-06-10
làm ơn Ẩm thực Hội An món gì đặc sản,2026-06-10
 ,2026-06-10
xe giường nằm,2026-06-10
 ,2026-06-10
correct,2026-06-10
ad,2026-06-10
ở đó có [resort](category) nào đẹp không,2026-06-10
Mũi Né mùa nào đẹp nhất,2026-06-10
đi [trekking](activity) ở đâu,2026-06-10
 ,2026-06-10
làm,2026-06-10
 ,2026-06-10
 ,2026-06-10
 ,2026-06-10
hỏi thêm xíu,2026-06-10
Đi,2026-06-10
ad ơi,2026-06-10
làm ơn Bài viết về Đà Nẵng,2026-06-10
đặt,2026-06-10
làm ơn Buffet Nha Trang giá rẻ,2026-06-10
làm ơn,2026-06-10
 ,2026-06-10
 ,2026-06-10
cho em,2026-06-10
Quảng Ninh,2026-06-10
Tour,2026-06-10
 ,2026-06-10
ăn,2026-06-10
Chi phí,2026-06-10
 ,2026-06-10
 ,2026-06-10
lịch,2026-06-10
Book phòng Đà Lạt view biển,2026-06-10
 ,2026-06-10
ad ơi Ở Hà Nội ăn gì ngon,2026-06-10
Hạ,2026-06-10
đổi,2026-06-10
huỳnh như đá ở đội nào,2026-06-10
ăn gì ở hội an,2026-06-10
cho em,2026-06-10
 ,2026-06-10
 ,2026-06-10
 ,2026-06-10
mình,2026-06-10
mình cần book tour Đà Lạt [tháng 12](month),2026-06-10
ad ơi,2026-06-10
du lịch đà nẵng tự túc,2026-06-10
làm ơn Đặt tour Vũng Tàu cho đoàn,2026-06-10
cho tôi hỏi điểm đến đà lạt,2026-06-10
đi Đà Nẵng tầm bao nhiêu tiền,2026-06-10
 ,2026-06-10
 ,2026-06-10
cho tôi hỏi Đặc sản Đà Nẵng phải thử,2026-06-10
ad ơi Chi phí du lịch Nha Trang 3 ngày,2026-06-10
cho tôi hỏi Tôi muốn đưa con đi Mũi Né,2026-06-10
cho tôi hỏi chi phí mũi né 4 ngày 3 đêm,2026-06-10
 ,2026-06-10
mình hỏi Check in Đà Nẵng ở đâu,2026-06-10
 ,2026-06-10
đặt tour mũi né cho đoàn,2026-06-10
làm ơn Tôi muốn đưa con đi Mũi Né,2026-06-10
mình hỏi Check in Đà Nẵng ở đâu,2026-06-10
 ,2026-06-10
 ,2026-06-10
làm ơn Ở Phú Quốc 4 ngày đi đâu,2026-06-10
Gia Lai,2026-06-10
 ,2026-06-10
đang chat với bot à,2026-06-10
làm ơn Giá tour Phú Quốc bao nhiêu,2026-06-10
làm ơn resort đà nẵng hồ bơi,2026-06-10
 ,2026-06-10
làm ơn Khám phá Hà Nội,2026-06-10
làm ơn Tour Phú Quốc cuối tuần,2026-06-10
cho tôi,2026-06-10
Tour Hà Nội cho gia đình,2026-06-10
cho em hỏi Du lịch Hà Nội tự túc,2026-06-10
Tour,2026-06-10
ad ơi Tour Hà Nội cho gia đình,2026-06-10
 ,2026-06-10
cho em hỏi Thời gian lý tưởng đi Vũng Tàu,2026-06-10
cho em hỏi du lịch hà nội tự túc,2026-06-10
có,2026-06-10
làm ơn Đi Đà Lạt 1 ngày thì đi đâu,2026-06-10
viếng thăm,2026-06-10
đi [trekking](activity) ở đâu,2026-06-10
 ,2026-06-10
 ,2026-06-10
Tàu,2026-06-10
[2 người lớn 1 trẻ em](party_size),2026-06-10
 ,2026-06-10
 ,2026-06-10
cho em hỏi Xe limousine đi Mũi Né,2026-06-10
ad ơi Nhà nghỉ Nha Trang giá rẻ,2026-06-10
 ,2026-06-10
Tôi đã đi Hội An năm ngoái rất thích,2026-06-10
 ,2026-06-10
 ,2026-06-10
 ,2026-06-10
mình hỏi,2026-06-10
 ,2026-06-10
ad ơi lưu trú ở sa pa gần chợ,2026-06-10
Kế hoạch du lịch Huế,2026-06-10
mình hỏi giới thiệu về mũi né,2026-06-10
 ,2026-06-10
 ,2026-06-10
mình hỏi Tour Nha Trang 4 ngày 3 đêm,2026-06-10
 ,2026-06-10
làm ơn Đặc sản Sa Pa phải thử,2026-06-10
có,2026-06-10
 ,2026-06-10
 ,2026-06-10
 ,2026-06-10
mình hỏi Mũi Né mùa nào đẹp nhất,2026-06-10
Đi thác Đà Nẵng tham quan,2026-06-10
ad ơi,2026-06-10
 ,2026-06-10
 ,2026-06-10
cho tôi hỏi Lặn ngắm san hô Sa Pa,2026-06-10
Khám,2026-06-10
Tắm nước nóng Phú Quốc,2026-06-10
cho hỏi giá phòng 1 đêm,2026-06-10
làm ơn Giới thiệu về Mũi Né,2026-06-10
mình hỏi check in huế ở đâu,2026-06-10
ad ơi Ở Hà Nội ăn gì ngon,2026-06-10
 ,2026-06-10
 ,2026-06-10
 ,2026-06-10
làm ơn bánh xèo phú quốc,2026-06-10
cho em hỏi Check in Huế ở đâu,2026-06-10
 ,2026-06-10
 ,2026-06-10
 ,2026-06-10
book combo huế,2026-06-10
cho tôi hỏi Mũi Né mùa nào đẹp nhất,2026-06-10
 ,2026-06-10
cho tôi hỏi Review du lịch Hà Nội,2026-06-10
mình hỏi Tôi nghe nói Đà Nẵng rất đẹp,2026-06-10
 ,2026-06-10
có chỗ nào đi trốn nắng [mùa hè](season) không,2026-06-10
cho em hỏi nhà nghỉ nha trang giá rẻ,2026-06-10
 ,2026-06-10
 ,2026-06-10
 ,2026-06-10
ad ơi Tour Nha Trang cuối tuần,2026-06-10
xin chào,2026-06-10
(?i)tháng\s*(?:0?[1-9]|1[0-2]),2026-06-10
chỗ nào leo núi đẹp vào [tháng 10](month),2026-06-10
làm ơn,2026-06-10
giải,2026-06-10
 ,2026-06-10
cho em hỏi Hải sản Phú Quốc tươi ngon,2026-06-10
làm ơn Nhà nghỉ Nha Trang giá rẻ,2026-06-10
cho em hỏi Đặc sản Sa Pa phải thử,2026-06-10
làm,2026-06-10
 ,2026-06-10
tìm [khách sạn 5 sao](category) ở nha trang,2026-06-10
 ,2026-06-10
Top địa điểm Hà Nội,2026-06-10
làm ơn Cả nhà tôi đi Huế dịp Tết,2026-06-10
 ,2026-06-10
 ,2026-06-10
tour phú quốc trọn gói bao gồm,2026-06-10
Ăn vặt Huế,2026-06-10
ad ơi Xe đạp đi Phú Quốc,2026-06-10
 ,2026-06-10
làm ơn resort đà nẵng hồ bơi,2026-06-10
cho tôi hỏi hải sản sa pa giá rẻ,2026-06-10
ad ơi đặt tour mũi né cho đoàn,2026-06-10
 ,2026-06-10
 ,2026-06-10
 ,2026-06-10
cho em hỏi Chi phí đi Vũng Tàu tự túc,2026-06-10
Quảng Ninh,2026-06-10
phu quoc,2026-06-10
làm ơn Tàu hỏa đi Nha Trang,2026-06-10
mình hỏi chi phí đi vũng tàu tự túc,2026-06-10
 ,2026-06-10
 ,2026-06-10
 ,2026-06-10
tôi muốn đi Phú Quốc,2026-06-10
 ,2026-06-10
cho tôi,2026-06-10
 ,2026-06-10
cho em hỏi Combo Phú Quốc trọn gói,2026-06-10
 ,2026-06-10
làm ơn,2026-06-10
cho em hỏi Khách sạn Vũng Tàu trung tâm,2026-06-10
 ,2026-06-10
Tây Ninh,2026-06-10
 ,2026-06-10
"tôi muốn đi du lịch [mùa hè](season), ngân sách [1 triệu](budget)",2026-06-10
 ,2026-06-10
náo nhiệt,2026-06-10
 ,2026-06-10
thuê [resort](category) [hà nội](location),2026-06-10
Mũi Né có quán nào nổi tiếng,2026-06-10
đặt tour Vũng Tàu [2 người](party_size),2026-06-10
làm ơn dự báo thời tiết huế,2026-06-10
biệt thự,2026-06-10
 ,2026-06-10
 ,2026-06-10
 ,2026-06-10
làm ơn Resort Mũi Né gia đình,2026-06-10
làm ơn taxi ở nha trang giá rẻ,2026-06-10
Đà Nẵng ăn j cho bữa sáng,2026-06-10
 ,2026-06-10
lặn san hô,2026-06-10
cho xin review đi Sapa [tháng 10](month),2026-06-10
Vũng Tàu nổi tiếng về gì,2026-06-10
ad ơi ăn tối trên du thuyền huế,2026-06-10
 ,2026-06-10
làm ơn Quán ăn ngon ở Hội An,2026-06-10
Vịnh Hạ Long,2026-06-10
ad ơi Nên đi Mũi Né không,2026-06-10
làm ơn,2026-06-10
 ,2026-06-10
 ,2026-06-10
mình hỏi Homestay đẹp ở Hà Nội,2026-06-10
 ,2026-06-10
làm ơn Nhóm bạn tôi định đi Vũng Tàu tháng sau,2026-06-10
làm ơn nha trang có quán nào nổi tiếng,2026-06-10
 ,2026-06-10
 ,2026-06-10
 ,2026-06-10
 ,2026-06-10
làm ơn Món Việt Nha Trang ngon,2026-06-10
ad ơi Vé máy bay Hội An khứ hồi,2026-06-10
healing,2026-06-10
cho tôi hỏi Gợi ý tour Nha Trang 2 ngày,2026-06-10
 ,2026-06-10
 ,2026-06-10
Hải sản Sa Pa giá rẻ,2026-06-10
 ,2026-06-10
 ,2026-06-10
cho em hỏi Combo Phú Quốc trọn gói,2026-06-10
hey there,2026-06-10
 ,2026-06-10
 ,2026-06-10
indeed,2026-06-10
máy bay,2026-06-10
 ,2026-06-10
cho em hỏi Chèo thuyền ở Đà Lạt,2026-06-10
 ,2026-06-10
Đi Đà Lạt trong 2 ngày,2026-06-10
 ,2026-06-10
cee you later,2026-06-10
cho em,2026-06-10
