text,intent
mình hỏi Tắm nước nóng Hà Nội,search_activity
ad ơi Nhiệt độ Phú Quốc trung bình,ask_weather_timing
ad ơi Nhà nghỉ Nha Trang giá rẻ,search_accommodation
mình hỏi Tour Đà Nẵng team building,search_travel
cho tôi hỏi Xe đạp đi Phú Quốc,ask_transportation
làm ơn Taxi ở Nha Trang giá rẻ,ask_transportation
cho tôi hỏi Đi bộ biển Đà Lạt,search_activity
cho em hỏi Top địa điểm Huế,search_destination
cho em hỏi Hải sản Hà Nội tươi ngon,search_food_dining
Tàu hỏa Huế bao nhiêu tiền,ask_transportation
cho em hỏi Thời gian lý tưởng đi Vũng Tàu,ask_weather_timing
Ngắm hoàng hôn Hội An,search_activity
ad ơi Resort Đà Lạt 5 sao,search_accommodation
mình hỏi Đặt tour Vũng Tàu cho đoàn,book_tour
cho tôi hỏi Đi bộ biển Mũi Né,search_activity
Đặt phòng khách sạn Đà Lạt,book_tour
cho em hỏi Hội An ở đâu,search_destination
ad ơi Mũi Né có quán nào nổi tiếng,search_food_dining
cho tôi hỏi Phú Quốc nổi tiếng về gì,search_destination
ad ơi Đặc sản Sa Pa phải thử,search_food_dining
mình hỏi Ẩm thực Hội An món gì đặc sản,search_food_dining
ad ơi Combo Phú Quốc trọn gói,search_travel
ad ơi Thời tiết Huế tháng 12,ask_weather_timing
Tôi muốn đưa con đi Phú Quốc,inform
Các hãng bay đến Vũng Tàu,ask_transportation
cho em hỏi Hải sản Sa Pa tươi ngon,search_food_dining
cho em hỏi Tour du lịch Đà Lạt giá rẻ,search_travel
mình hỏi Hải sản Phú Quốc tươi ngon,search_food_dining
cho tôi hỏi Vẻ đẹp Sa Pa,search_destination
mình hỏi Chia sẻ kinh nghiệm Đà Nẵng,search_destination
ad ơi Đi thác Đà Nẵng tham quan,search_activity
mình hỏi Cả nhà tôi đi Huế dịp Tết,inform
mình hỏi Tôi muốn đưa con đi Mũi Né,inform
cho tôi hỏi Đi thác Đà Nẵng tham quan,search_activity
cho tôi hỏi Hải sản Phú Quốc tươi ngon,search_food_dining
làm ơn Du lịch Đà Nẵng tự túc,search_travel
cho em hỏi Tắm nước nóng Đà Lạt,search_activity
mình hỏi Bố mẹ tôi thích Nha Trang,inform
Tour Vũng Tàu cho cặp đôi,search_travel
làm ơn Resort Mũi Né gia đình,search_accommodation
làm ơn Sa Pa ăn gì cho bữa sáng,search_food_dining
làm ơn Gợi ý tour Nha Trang 2 ngày,ask_itinerary
làm ơn Hải sản Sa Pa giá rẻ,search_food_dining
cho em hỏi Lịch trình Mũi Né tự túc,ask_itinerary
cho em hỏi Đi Mũi Né bằng xe máy,ask_transportation
cho tôi hỏi Ở Phú Quốc 4 ngày đi đâu,ask_itinerary
Tiền ăn ở Hội An 1 ngày,search_price
mình hỏi Du lịch Nha Trang mùa đông,search_travel
Món Việt Nha Trang ngon,search_food_dining
mình hỏi Tôi nghe nói Đà Nẵng rất đẹp,inform
cho em hỏi Công ty tôi tổ chức team building ở Mũi Né,inform
mình hỏi Đi phượt Sa Pa bằng xe máy,search_activity
cho em hỏi Nhiệt độ Nha Trang trung bình,ask_weather_timing
Nha Trang ăn gì cho bữa sáng,search_food_dining
ad ơi Tour Phú Quốc giá học sinh,search_travel
làm ơn Khách sạn Hà Nội giá rẻ,search_accommodation
cho tôi hỏi Lịch trình Phú Quốc cho gia đình,ask_itinerary
ad ơi Cả nhà tôi đi Nha Trang dịp Tết,inform
cho tôi hỏi Nhiệt độ Sa Pa trung bình,ask_weather_timing
cho em hỏi Buffet Hội An giá rẻ,search_food_dining
cho tôi hỏi Thời tiết Huế tháng 12,ask_weather_timing
cho em hỏi Kế hoạch du lịch Huế,ask_itinerary
Ở Phú Quốc 4 ngày đi đâu,ask_itinerary
cho tôi hỏi Tour Phú Quốc giá học sinh,search_travel
cho em hỏi Bạn tôi gợi ý đi Mũi Né,inform
mình hỏi Cảnh đẹp Đà Nẵng nổi tiếng,search_destination
làm ơn Từ Hà Nội đi Phú Quốc bằng gì,ask_transportation
cho em hỏi Có gì đẹp ở Hội An,search_destination
ad ơi Booking tour Nha Trang giá tốt,search_travel
Hải sản Hà Nội tươi ngon,search_food_dining
làm ơn Đi thuyền Vũng Tàu,search_activity
cho tôi hỏi Công ty tôi tổ chức team building ở Mũi Né,inform
Check in Đà Nẵng ở đâu,search_destination
ad ơi Tour Sa Pa VIP 5 sao,search_travel
ad ơi Tour Vũng Tàu giá học sinh,search_travel
cho em hỏi Đi Nha Trang tham quan gì,search_destination
làm ơn Booking tour Đà Lạt giá rẻ,book_tour
ad ơi Book phòng Đà Lạt view biển,book_tour
mình hỏi Ngắm hoàng hôn Hội An,search_activity
Booking tour Vũng Tàu giá rẻ,book_tour
cho em hỏi Tôi nghe nói Sa Pa rất đẹp,inform
cho em hỏi Đặt tour Đà Nẵng tiết kiệm,book_tour
làm ơn Khám phá ẩm thực đường phố Hội An,search_activity
làm ơn Check in Huế ở đâu,search_destination
ad ơi Kỳ nghỉ Hà Nội,search_travel
ad ơi Nhà nghỉ Sa Pa giá rẻ,search_accommodation
ad ơi Đà Nẵng ăn gì cho bữa sáng,search_food_dining
Đi chợ Hội An về đêm,search_activity
cho tôi hỏi Tour Huế cho cặp đôi,search_travel
làm ơn Booking tour Nha Trang giá tốt,search_travel
cho em hỏi Đặt vé máy bay đi Sa Pa,book_tour
làm ơn Tour Sa Pa trọn gói bao gồm,search_travel
ad ơi Tôi ở Phú Quốc rồi muốn đi tiếp,inform
Bài viết về Đà Nẵng,search_destination
cho tôi hỏi Khám phá Hà Nội,search_destination
cho em hỏi Ăn tối trên du thuyền Mũi Né,search_activity
cho em hỏi Đi thác Đà Nẵng tham quan,search_activity
mình hỏi Đặt tour Hội An khuyến mãi,book_tour
cho em hỏi Đi Sa Pa bằng tàu cao tốc,ask_transportation
mình hỏi Đi Huế bao nhiêu ngày,ask_itinerary
Cả nhà tôi đi Huế dịp Tết,inform
cho tôi hỏi Đi Nha Trang tham quan gì,search_destination
ad ơi Đi Mũi Né bằng xe máy,ask_transportation
Đặt tour Đà Nẵng tiết kiệm,book_tour
cho tôi hỏi Tôi muốn đưa con đi Vũng Tàu,inform
cho em hỏi Tour Hội An nghỉ dưỡng,search_travel
làm ơn Tour du lịch Đà Nẵng giá rẻ,search_travel
mình hỏi Tôi muốn tìm hiểu về Vũng Tàu,inform
mình hỏi Đặc sản Sa Pa phải thử,search_food_dining
cho em hỏi Check in Huế ở đâu,search_destination
làm ơn Tour Đà Nẵng cho người già,search_travel
cho tôi hỏi Giá vé tham quan Sa Pa,search_price
ad ơi Booking tour Đà Nẵng giá rẻ,book_tour
cho em hỏi Tiền ăn ở Hội An 1 ngày,search_price
cho tôi hỏi Du lịch Đà Nẵng tự túc,search_travel
cho tôi hỏi Từ Hà Nội đi Phú Quốc bằng gì,ask_transportation
làm ơn Homestay Huế view đẹp,search_accommodation
ad ơi Tour Nha Trang 4 ngày 3 đêm,search_travel
mình hỏi Xe giường nằm đi Huế,ask_transportation
làm ơn Tôi muốn đưa con đi Phú Quốc,inform
cho em hỏi Cả nhà tôi đi Nha Trang dịp Tết,inform
mình hỏi Thời gian lý tưởng đi Vũng Tàu,ask_weather_timing
Đặt tour Hà Nội khuyến mãi,book_tour
ad ơi Tàu hỏa Huế bao nhiêu tiền,ask_transportation
cho em hỏi Nha Trang cách Hà Nội bao xa,search_destination
mình hỏi Tour Vũng Tàu cho cặp đôi,search_travel
làm ơn Vẻ đẹp Sa Pa,search_destination
làm ơn Leo núi ở Mũi Né,search_activity
ad ơi Đi thuyền Hà Nội,search_activity
làm ơn Đi Đà Lạt bằng tàu cao tốc,ask_transportation
mình hỏi Nhà nghỉ Nha Trang giá rẻ,search_accommodation
cho em hỏi Check in Đà Nẵng ở đâu,search_destination
cho tôi hỏi Đặc sản Đà Nẵng phải thử,search_food_dining
mình hỏi Hải sản Đà Lạt tươi ngon,search_food_dining
mình hỏi Đi Đà Lạt 1 ngày thì đi đâu,ask_itinerary
làm ơn Chi phí thuê xe Vũng Tàu,search_price
làm ơn Tour Hội An team building,search_travel
Nhà hàng Vũng Tàu sang trọng,search_food_dining
làm ơn Chi phí du lịch Huế 3 ngày,search_price
cho em hỏi Cảnh đẹp Đà Nẵng nổi tiếng,search_destination
Mua vé tham quan Đà Lạt,book_tour
Khuyến mãi tour Phú Quốc,search_price
mình hỏi Mũi Né có quán nào nổi tiếng,search_food_dining
mình hỏi Đặt tour Đà Lạt tiết kiệm,book_tour
cho tôi hỏi Bạn tôi gợi ý đi Mũi Né,inform
Đi Nha Trang tham quan gì,search_destination
cho em hỏi Đi Hội An dịp lễ có vui không,ask_weather_timing
cho em hỏi Phú Quốc nổi tiếng về gì,search_destination
ad ơi Nha Trang có quán nào nổi tiếng,search_food_dining
Xe limousine đi Mũi Né,ask_transportation
cho em hỏi Review du lịch Huế,search_destination
Thông tin du lịch Mũi Né,search_destination
ad ơi Gợi ý lịch trình Mũi Né,ask_itinerary
Booking tour Huế giá tốt,search_travel
làm ơn Mũi Né có quán nào nổi tiếng,search_food_dining
cho tôi hỏi Tắm nước nóng Phú Quốc,search_activity
cho em hỏi Ẩm thực Hội An món gì đặc sản,search_food_dining
cho tôi hỏi Tour Đà Nẵng 3 ngày 2 đêm,search_travel
mình hỏi Chi phí ăn uống ở Đà Lạt,search_price
Mì quảng Hà Nội,search_food_dining
cho em hỏi Ăn vặt Huế,search_food_dining
cho em hỏi Các hãng bay đến Vũng Tàu,ask_transportation
ad ơi Cafe view đẹp Hội An,search_food_dining
làm ơn Hải sản Sa Pa tươi ngon,search_food_dining
cho tôi hỏi Booking tour Vũng Tàu giá rẻ,book_tour
Tour Huế team building,search_travel
cho tôi hỏi Vé máy bay Hội An khứ hồi,search_price
cho tôi hỏi Cafe view đẹp Nha Trang,search_food_dining
làm ơn Đặt vé máy bay đi Hà Nội,book_tour
ad ơi Tour Vũng Tàu cho cặp đôi,search_travel
cho tôi hỏi Điểm đến Đà Lạt,search_destination
cho em hỏi Đặt vé máy bay đi Hà Nội,book_tour
ad ơi Mùa mưa ở Mũi Né tháng nào,ask_weather_timing
ad ơi Lặn ngắm san hô Sa Pa,search_activity
cho tôi hỏi Đi Huế bao nhiêu ngày,ask_itinerary
cho em hỏi Thời tiết Huế tháng 12,ask_weather_timing
cho tôi hỏi Nhà hàng Vũng Tàu sang trọng,search_food_dining
cho em hỏi Căn hộ Hội An view đẹp,search_accommodation
ad ơi Tắm nước nóng Hà Nội,search_activity
Đi phượt Sa Pa bằng xe máy,search_activity
mình hỏi Sa Pa cách Hà Nội bao xa,search_destination
cho em hỏi Du lịch Đà Lạt tự túc,search_travel
mình hỏi Cảnh đẹp Mũi Né nổi tiếng,search_destination
cho em hỏi Khám phá ẩm thực đường phố Hội An,search_activity
cho tôi hỏi Chi phí thuê xe Hà Nội,search_price
mình hỏi Chi phí du lịch Nha Trang 3 ngày,search_price
làm ơn Hải sản Phú Quốc tươi ngon,search_food_dining
mình hỏi Booking tour Đà Lạt giá rẻ,book_tour
Bạn tôi gợi ý đi Mũi Né,inform
cho em hỏi Đi bộ biển Đà Nẵng,search_activity
làm ơn Lặn ngắm san hô Nha Trang,search_activity
ad ơi Chia sẻ kinh nghiệm Vũng Tàu,search_destination
cho em hỏi Bánh xèo Phú Quốc,search_food_dining
cho tôi hỏi Quán ăn ngon ở Hội An,search_food_dining
cho em hỏi Vé máy bay Hội An khứ hồi,search_price
làm ơn Chi phí du lịch Hà Nội 3 ngày,search_price
ad ơi Tiền ăn ở Hà Nội 1 ngày,search_price
ad ơi Tour Sa Pa trọn gói bao gồm,search_travel
cho tôi hỏi Chia sẻ kinh nghiệm Phú Quốc,search_destination
làm ơn Tàu hỏa Huế bao nhiêu tiền,ask_transportation
làm ơn Đi Vũng Tàu bao nhiêu ngày,ask_itinerary
làm ơn Căn hộ Hội An view đẹp,search_accommodation
ad ơi Nhà nghỉ Mũi Né giá rẻ,search_accommodation
làm ơn Tour Nha Trang 5 ngày 4 đêm,search_travel
cho em hỏi Tour Đà Nẵng 3 ngày 2 đêm,search_travel
ad ơi Phú Quốc nổi tiếng về gì,search_destination
cho em hỏi Du lịch Đà Nẵng tự túc,search_travel
cho em hỏi Khách sạn Sa Pa gần chợ đêm,search_accommodation
ad ơi Taxi ở Nha Trang giá rẻ,ask_transportation
ad ơi Chi phí thuê xe Hội An,search_price
cho em hỏi Tour Vũng Tàu 3 ngày 2 đêm,search_travel
cho em hỏi Order tour Vũng Tàu,book_tour
làm ơn Tour Nha Trang cuối tuần,search_travel
mình hỏi Đi Hội An dịp lễ có vui không,ask_weather_timing
Câu cá ở Đà Nẵng,search_activity
ad ơi Du lịch Đà Lạt tự túc,search_travel
làm ơn Bánh xèo Hà Nội,search_food_dining
làm ơn Cảnh đẹp Mũi Né nổi tiếng,search_destination
ad ơi Hải sản Sa Pa giá rẻ,search_food_dining
ad ơi Review du lịch Huế,search_destination
cho em hỏi Giới thiệu về Phú Quốc,search_destination
cho tôi hỏi Tour Nha Trang 4 ngày 3 đêm,search_travel
cho tôi hỏi Kinh phí đi Sa Pa tiết kiệm,search_price
Book combo Huế,book_tour
cho tôi hỏi Ăn tối trên du thuyền Mũi Né,search_activity
làm ơn Booking tour Huế giá tốt,search_travel
cho em hỏi Nha Trang ăn gì cho bữa sáng,search_food_dining
làm ơn Khu nghỉ dưỡng Hội An,search_accommodation
cho tôi hỏi Booking tour Đà Lạt giá rẻ,book_tour
Hải sản Sa Pa tươi ngon,search_food_dining
mình hỏi Chia sẻ kinh nghiệm Vũng Tàu,search_destination
mình hỏi Tour Sa Pa trọn gói bao gồm,search_travel
cho tôi hỏi Cả nhà tôi đi Nha Trang dịp Tết,inform
làm ơn Nha Trang ăn gì cho bữa sáng,search_food_dining
làm ơn Tour Nha Trang khuyến mãi,search_travel
cho em hỏi Homestay Huế view đẹp,search_accommodation
làm ơn Xe khách đi Hội An giờ nào,ask_transportation
cho em hỏi Ăn vặt Hội An,search_food_dining
mình hỏi Khám phá Huế,search_destination
cho em hỏi Tour Vũng Tàu giá học sinh,search_travel
cho tôi hỏi Giới thiệu về Phú Quốc,search_destination
ad ơi Gợi ý tour Nha Trang 2 ngày,ask_itinerary
cho tôi hỏi Homestay Vũng Tàu view đẹp,search_accommodation
ad ơi Tour Huế cho cặp đôi,search_travel
cho tôi hỏi Kinh phí đi Huế tiết kiệm,search_price
Vũng Tàu nổi tiếng về gì,search_destination
cho tôi hỏi Bài viết về Đà Lạt,search_destination
ad ơi Tour Nha Trang cuối tuần,search_travel
làm ơn Tắm nước nóng Phú Quốc,search_activity
cho tôi hỏi Khu nghỉ dưỡng Hội An,search_accommodation
cho em hỏi Homestay đẹp ở Hà Nội,search_accommodation
ad ơi Villa Mũi Né hồ bơi,search_accommodation
Đi Đà Lạt trong 2 ngày,ask_itinerary
làm ơn Đặt tour Mũi Né cho đoàn,book_tour
mình hỏi Đi Đà Lạt mùa nào đẹp,search_destination
mình hỏi Homestay đẹp ở Hà Nội,search_accommodation
làm ơn Xe limousine đi Hội An,ask_transportation
mình hỏi Điểm đến Đà Lạt,search_destination
cho em hỏi Câu cá ở Đà Nẵng,search_activity
Đặc sản Sa Pa phải thử,search_food_dining
làm ơn Top địa điểm Huế,search_destination
Khu nghỉ dưỡng Hội An,search_accommodation
ad ơi Homestay Mũi Né gần trung tâm,search_accommodation
ad ơi Bánh xèo Phú Quốc,search_food_dining
cho em hỏi Lịch Sa Pa phù hợp,ask_itinerary
cho tôi hỏi Resort Đà Nẵng hồ bơi,search_accommodation
ad ơi Kế hoạch du lịch Huế,ask_itinerary
ad ơi Cafe view đẹp Hà Nội,search_food_dining
mình hỏi Resort Đà Nẵng hồ bơi,search_accommodation
làm ơn Review du lịch Hà Nội,search_destination
cho tôi hỏi Đặt tour Vũng Tàu cho đoàn,book_tour
mình hỏi Tôi muốn đưa con đi Phú Quốc,inform
làm ơn Vợ chồng tôi cưới ở Phú Quốc,inform
mình hỏi Giá vé tham quan Sa Pa,search_price
cho em hỏi Booking tour Vũng Tàu giá rẻ,book_tour
mình hỏi Bài viết về Đà Lạt,search_destination
cho tôi hỏi Lịch trình tour Nha Trang,search_travel
cho tôi hỏi Leo núi ở Mũi Né,search_activity
ad ơi Order tour Vũng Tàu,book_tour
làm ơn Mùa mưa ở Mũi Né tháng nào,ask_weather_timing
Hải sản Đà Lạt tươi ngon,search_food_dining
ad ơi Cảnh đẹp Mũi Né nổi tiếng,search_destination
cho em hỏi Cắm trại Hội An,search_activity
cho tôi hỏi Top địa điểm Huế,search_destination
mình hỏi Đi bộ biển Đà Lạt,search_activity
Tour Sa Pa VIP 5 sao,search_travel
cho tôi hỏi Đi Vũng Tàu bao nhiêu ngày,ask_itinerary
cho tôi hỏi Đi Đà Lạt trong 2 ngày,ask_itinerary
Nhà nghỉ Sa Pa giá rẻ,search_accommodation
ad ơi Lượng mưa Đà Lạt hàng năm,ask_weather_timing
cho tôi hỏi Review du lịch Hà Nội,search_destination
mình hỏi Resort Mũi Né gia đình,search_accommodation
cho tôi hỏi Homestay Mũi Né gần trung tâm,search_accommodation
mình hỏi Mua vé tham quan Đà Lạt,book_tour
cho em hỏi Khu nghỉ dưỡng Sa Pa,search_accommodation
cho tôi hỏi Món Việt Nha Trang ngon,search_food_dining
ad ơi Đi Mũi Né dịp lễ có vui không,ask_weather_timing
Sa Pa ăn gì cho bữa sáng,search_food_dining
cho em hỏi Villa Mũi Né hồ bơi,search_accommodation
làm ơn Kinh phí đi Vũng Tàu tiết kiệm,search_price
làm ơn Thời tiết Vũng Tàu tháng 6,ask_weather_timing
ad ơi Lịch trình Vũng Tàu tự túc,ask_itinerary
ad ơi Đi Đà Lạt bằng tàu cao tốc,ask_transportation
Đi thuyền Vũng Tàu,search_activity
ad ơi Tôi muốn đưa con đi Mũi Né,inform
mình hỏi Sa Pa ăn gì cho bữa sáng,search_food_dining
ad ơi Check in Hà Nội ở đâu,search_destination
mình hỏi Villa Mũi Né hồ bơi,search_accommodation
cho em hỏi Giá vé tham quan Sa Pa,search_price
cho em hỏi Tôi đã đi Hội An năm ngoái rất thích,inform
Gợi ý tour Mũi Né 2 ngày,ask_itinerary
Vợ chồng tôi cưới ở Hội An,inform
mình hỏi Homestay Mũi Né gần trung tâm,search_accommodation
làm ơn Check in Đà Nẵng ở đâu,search_destination
cho em hỏi Tour du lịch Đà Nẵng giá rẻ,search_travel
cho em hỏi Chi phí đi Vũng Tàu tự túc,search_price
ad ơi Tàu hỏa đi Nha Trang,ask_transportation
ad ơi Tour Huế team building,search_travel
mình hỏi Book phòng Đà Lạt view biển,book_tour
làm ơn Booking tour Vũng Tàu giá rẻ,book_tour
mình hỏi Tôi ở Vũng Tàu rồi muốn đi tiếp,inform
cho em hỏi Cắm trại Huế,search_activity
ad ơi Tắm nước nóng Đà Lạt,search_activity
cho em hỏi Hải sản Phú Quốc tươi ngon,search_food_dining
Đi Mũi Né dịp lễ có vui không,ask_weather_timing
ad ơi Tắm nước nóng Phú Quốc,search_activity
cho em hỏi Mùa khô ở Hà Nội,ask_weather_timing
Ở Hà Nội ăn gì ngon,search_food_dining
ad ơi Cắm trại Huế,search_activity
mình hỏi Quán ăn ngon ở Nha Trang,search_food_dining
ad ơi Tôi muốn tìm hiểu về Vũng Tàu,inform
cho em hỏi Mũi Né có quán nào nổi tiếng,search_food_dining
làm ơn Giá vé tham quan Sa Pa,search_price
mình hỏi Khách sạn Sa Pa giá rẻ,search_accommodation
cho tôi hỏi Hải sản Hà Nội tươi ngon,search_food_dining
Phương tiện đi Hà Nội rẻ nhất,ask_transportation
cho em hỏi Đi Huế bao nhiêu ngày,ask_itinerary
làm ơn Tour Vũng Tàu giá học sinh,search_travel
cho em hỏi Nhà nghỉ Mũi Né giá rẻ,search_accommodation
làm ơn Du lịch Nha Trang mùa đông,search_travel
mình hỏi Hải sản Hà Nội tươi ngon,search_food_dining
cho em hỏi Kinh phí đi Đà Nẵng tiết kiệm,search_price
cho tôi hỏi Ở Đà Nẵng mấy ngày là đủ,ask_itinerary
mình hỏi Tàu hỏa Huế bao nhiêu tiền,ask_transportation
cho em hỏi Check in Hà Nội ở đâu,search_destination
mình hỏi Tàu hỏa đi Nha Trang,ask_transportation
ad ơi Lịch trình Mũi Né tự túc,ask_itinerary
làm ơn Đặt tour Hội An khuyến mãi,book_tour
cho tôi hỏi Lịch trình Đà Lạt 3 ngày 2 đêm,ask_itinerary
Đi Vũng Tàu bao nhiêu ngày,ask_itinerary
làm ơn Gợi ý lịch trình Mũi Né,ask_itinerary
ad ơi Du lịch Hà Nội tự túc,search_travel
mình hỏi Mùa mưa ở Mũi Né tháng nào,ask_weather_timing
Top địa điểm Hà Nội,search_destination
ad ơi Bạn tôi gợi ý đi Mũi Né,inform
làm ơn Giới thiệu về Mũi Né,search_destination
cho tôi hỏi Tôi muốn đưa con đi Mũi Né,inform
mình hỏi Xe limousine đi Hội An,ask_transportation
làm ơn Check in Hà Nội ở đâu,search_destination
làm ơn Villa Mũi Né hồ bơi,search_accommodation
Leo núi ở Mũi Né,search_activity
làm ơn Đi Đà Lạt mùa nào đẹp,search_destination
ad ơi Chi phí đi Vũng Tàu tự túc,search_price
cho em hỏi Homestay Đà Lạt cho đôi người,search_accommodation
mình hỏi Homestay Huế view đẹp,search_accommodation
mình hỏi Khách sạn Hà Nội giá rẻ,search_accommodation
làm ơn Khách sạn Nha Trang gần sân bay,search_accommodation
Review du lịch Hà Nội,search_destination
cho tôi hỏi Có gì đẹp ở Hội An,search_destination
làm ơn Tour Đà Nẵng 4 ngày 3 đêm,search_travel
Khách sạn Sa Pa gần chợ đêm,search_accommodation
làm ơn Reserve phòng Đà Nẵng,book_tour
làm ơn Các hãng bay đến Vũng Tàu,ask_transportation
mình hỏi Giới thiệu về Mũi Né,search_destination
ad ơi Hà Nội nổi tiếng về gì,search_destination
ad ơi Chè Hội An ngon,search_food_dining
ad ơi Review du lịch Hà Nội,search_destination
mình hỏi Combo Huế trọn gói,search_travel
cho tôi hỏi Khách sạn Sa Pa giá rẻ,search_accommodation
cho tôi hỏi Bánh xèo Phú Quốc,search_food_dining
Hội An ở đâu,search_destination
cho em hỏi Du lịch Hà Nội tự túc,search_travel
cho tôi hỏi Đi Mũi Né bằng xe máy,ask_transportation
Cắm trại Hội An,search_activity
Lịch trình tour Nha Trang,search_travel
làm ơn Tour Huế cho cặp đôi,search_travel
cho tôi hỏi Xe limousine đi Hội An,ask_transportation
cho tôi hỏi Tour Phú Quốc 4 ngày 3 đêm,search_travel
Đà Lạt có homestay nào đẹp,search_accommodation
mình hỏi Đặc sản Đà Nẵng phải thử,search_food_dining
cho em hỏi Homestay Vũng Tàu view đẹp,search_accommodation
Homestay Huế view đẹp,search_accommodation
Cafe view đẹp Hội An,search_food_dining
cho tôi hỏi Đi bộ biển Đà Nẵng,search_activity
ad ơi Khu nghỉ dưỡng Sa Pa,search_accommodation
cho em hỏi Lẩu Hà Nội ăn ở đâu,search_food_dining
cho tôi hỏi Tour Sa Pa VIP 5 sao,search_travel
ad ơi Đi thuyền Vũng Tàu,search_activity
làm ơn Hải sản Đà Lạt tươi ngon,search_food_dining
cho em hỏi Tôi muốn đưa con đi Mũi Né,inform
cho tôi hỏi Leo núi ở Huế,search_activity
Booking tour Đà Lạt giá rẻ,book_tour
cho em hỏi Đi Đà Lạt trong 2 ngày,ask_itinerary
Villa Mũi Né hồ bơi,search_accommodation
Thời tiết Nha Trang tháng 12,ask_weather_timing
mình hỏi Bài viết về Đà Nẵng,search_destination
ad ơi Công ty tôi tổ chức team building ở Mũi Né,inform
cho em hỏi Khách sạn Sa Pa giá rẻ,search_accommodation
cho tôi hỏi Xe limousine đi Mũi Né,ask_transportation
làm ơn Tôi muốn tìm hiểu về Vũng Tàu,inform
Lẩu Hà Nội ăn ở đâu,search_food_dining
cho em hỏi Xe khách đi Hội An giờ nào,ask_transportation
ad ơi Ăn tối trên du thuyền Mũi Né,search_activity
Nha Trang có quán nào nổi tiếng,search_food_dining
ad ơi Quán ăn ngon ở Nha Trang,search_food_dining
ad ơi Nha Trang ăn gì cho bữa sáng,search_food_dining
Kinh phí đi Huế tiết kiệm,search_price
cho em hỏi Chèo thuyền ở Đà Lạt,search_activity
cho tôi hỏi Tour Đà Nẵng 4 ngày 3 đêm,search_travel
ad ơi Combo Huế trọn gói,search_travel
cho em hỏi Kỳ nghỉ Hà Nội,search_travel
mình hỏi Homestay Đà Lạt cho đôi người,search_accommodation
cho em hỏi Tàu hỏa đi Nha Trang,ask_transportation
làm ơn Xe đạp đi Phú Quốc,ask_transportation
cho em hỏi Gợi ý lịch trình Mũi Né,ask_itinerary
cho em hỏi Xe giường nằm đi Huế,ask_transportation
cho tôi hỏi Tắm nước nóng Hà Nội,search_activity
cho tôi hỏi Tour Huế team building,search_travel
mình hỏi Khuyến mãi tour Phú Quốc,search_price
mình hỏi Tôi muốn đưa con đi Đà Lạt,inform
Tour Huế khuyến mãi,search_travel
cho tôi hỏi Tiền ăn ở Hà Nội 1 ngày,search_price
cho tôi hỏi Check in Đà Nẵng ở đâu,search_destination
làm ơn Vé máy bay Hội An khứ hồi,search_price
Sa Pa cách Hà Nội bao xa,search_destination
ad ơi Cắm trại Hội An,search_activity
làm ơn Bạn tôi gợi ý đi Mũi Né,inform
cho tôi hỏi Book combo Huế,book_tour
ad ơi Lịch trình Phú Quốc cho gia đình,ask_itinerary
mình hỏi Reserve phòng Đà Nẵng,book_tour
cho em hỏi Nên đi Mũi Né không,search_destination
Phú Quốc nổi tiếng về gì,search_destination
cho tôi hỏi Chi phí du lịch Đà Lạt 3 ngày,search_price
cho tôi hỏi Đi thuyền Hà Nội,search_activity
cho em hỏi Đi Đà Lạt 1 ngày thì đi đâu,ask_itinerary
cho em hỏi Khách sạn Nha Trang gần sân bay,search_accommodation
làm ơn Homestay Vũng Tàu view đẹp,search_accommodation
làm ơn Hà Nội nổi tiếng về gì,search_destination
mình hỏi Gợi ý tour Mũi Né 2 ngày,ask_itinerary
Giá vé Huế cho trẻ em,search_price
ad ơi Tour Đà Nẵng nghỉ dưỡng,search_travel
cho tôi hỏi Ăn tối trên du thuyền Huế,search_activity
ad ơi Leo núi ở Huế,search_activity
Homestay đẹp ở Hà Nội,search_accommodation
làm ơn Nhiệt độ Nha Trang trung bình,ask_weather_timing
làm ơn Đi phượt Sa Pa bằng xe máy,search_activity
làm ơn Nha Trang cách Hà Nội bao xa,search_destination
Đặt vé máy bay đi Hà Nội,book_tour
Đi Vũng Tàu bằng xe máy,ask_transportation
Nên đi Mũi Né không,search_destination
mình hỏi Đi Sa Pa bằng tàu cao tốc,ask_transportation
Quán ăn ngon ở Nha Trang,search_food_dining
mình hỏi Kế hoạch du lịch Huế,ask_itinerary
ad ơi Tour Đà Nẵng 4 ngày 3 đêm,search_travel
cho tôi hỏi Vợ chồng tôi cưới ở Phú Quốc,inform
làm ơn Khu nghỉ dưỡng Sa Pa,search_accommodation
Chia sẻ kinh nghiệm Vũng Tàu,search_destination
mình hỏi Đi Đà Lạt trong 2 ngày,ask_itinerary
cho em hỏi Khu nghỉ dưỡng Hội An,search_accommodation
Hải sản Phú Quốc tươi ngon,search_food_dining
ad ơi Ăn vặt Hội An,search_food_dining
cho tôi hỏi Mua vé tham quan Đà Lạt,book_tour
cho tôi hỏi Thời tiết Nha Trang tháng 12,ask_weather_timing
làm ơn Đi thuyền Hà Nội,search_activity
làm ơn Tour Nha Trang 4 ngày 3 đêm,search_travel
làm ơn Cả nhà tôi đi Huế dịp Tết,inform
làm ơn Đà Nẵng ăn gì cho bữa sáng,search_food_dining
làm ơn Đi Vũng Tàu bằng xe máy,ask_transportation
làm ơn Homestay đẹp ở Đà Nẵng,search_accommodation
ad ơi Tour du lịch Đà Lạt giá rẻ,search_travel
cho tôi hỏi Chi phí Mũi Né 4 ngày 3 đêm,search_price
mình hỏi Lịch trình Đà Lạt 3 ngày 2 đêm,ask_itinerary
cho tôi hỏi Lịch trình Mũi Né tự túc,ask_itinerary
ad ơi Đặt tour Mũi Né cho đoàn,book_tour
làm ơn Homestay Mũi Né gần trung tâm,search_accommodation
cho tôi hỏi Booking tour Huế giá tốt,search_travel
cho em hỏi Tour Đà Nẵng cho người già,search_travel
ad ơi Du lịch Đà Nẵng tự túc,search_travel
Tour Vũng Tàu 3 ngày 2 đêm,search_travel
cho em hỏi Khách sạn Vũng Tàu trung tâm,search_accommodation
cho em hỏi Tôi muốn đưa con đi Vũng Tàu,inform
ad ơi Phú Quốc có gì chơi,search_destination
cho em hỏi Cafe view đẹp Nha Trang,search_food_dining
mình hỏi Review du lịch Hà Nội,search_destination
làm ơn Phú Quốc có gì ngon,search_food_dining
mình hỏi Tiền ăn ở Hội An 1 ngày,search_price
cho tôi hỏi Dự báo thời tiết Huế,ask_weather_timing
cho tôi hỏi Căn hộ Phú Quốc view đẹp,search_accommodation
cho tôi hỏi Nhiệt độ Nha Trang trung bình,ask_weather_timing
mình hỏi Bạn tôi gợi ý đi Mũi Né,inform
ad ơi Sa Pa ăn gì cho bữa sáng,search_food_dining
Ẩm thực Hà Nội món gì đặc sản,search_food_dining
ad ơi Nhóm bạn tôi định đi Vũng Tàu tháng sau,inform
mình hỏi Nha Trang cách Hà Nội bao xa,search_destination
làm ơn Homestay đẹp ở Hà Nội,search_accommodation
cho em hỏi Bài viết về Đà Nẵng,search_destination
mình hỏi Hải sản Sa Pa tươi ngon,search_food_dining
Ăn tối trên du thuyền Mũi Né,search_activity
ad ơi Cả nhà tôi đi Huế dịp Tết,inform
mình hỏi Chợ Mũi Né ẩm thực,search_food_dining
cho tôi hỏi Nhà nghỉ Mũi Né giá rẻ,search_accommodation
ad ơi Booking tour Huế giá tốt,search_travel
ad ơi Đà Lạt có homestay nào đẹp,search_accommodation
mình hỏi Công ty tôi tổ chức team building ở Mũi Né,inform
cho em hỏi Tour Đà Nẵng nghỉ dưỡng,search_travel
cho em hỏi Đi Vũng Tàu bằng xe máy,ask_transportation
Lịch trình Hội An cho người già,ask_itinerary
làm ơn Chi phí du lịch Nha Trang 3 ngày,search_price
cho tôi hỏi Nên đi Phú Quốc mấy ngày,ask_itinerary
làm ơn Resort Đà Nẵng hồ bơi,search_accommodation
làm ơn Sa Pa cách Hà Nội bao xa,search_destination
cho em hỏi Đi chợ Hội An về đêm,search_activity
Chi phí thuê xe Hà Nội,search_price
làm ơn Kinh phí đi Sa Pa tiết kiệm,search_price
làm ơn Khách sạn Vũng Tàu trung tâm,search_accommodation
cho em hỏi Tour Phú Quốc trọn gói bao gồm,search_travel
cho em hỏi Khách sạn Hà Nội giá rẻ,search_accommodation
làm ơn Xe giường nằm đi Huế,ask_transportation
ad ơi Homestay Đà Lạt cho đôi người,search_accommodation
ad ơi Giới thiệu về Phú Quốc,search_destination
Đi bộ biển Đà Lạt,search_activity
cho em hỏi Lặn ngắm san hô Nha Trang,search_activity
cho em hỏi Tour Huế cho cặp đôi,search_travel
ad ơi Kinh phí đi Huế tiết kiệm,search_price
Tàu hỏa đi Nha Trang,ask_transportation
ad ơi Nhiệt độ Nha Trang trung bình,ask_weather_timing
cho tôi hỏi Mùa mưa ở Mũi Né tháng nào,ask_weather_timing
cho tôi hỏi Ẩm thực Hà Nội món gì đặc sản,search_food_dining
cho em hỏi Tôi muốn đưa con đi Đà Lạt,inform
cho em hỏi Du lịch Nha Trang mùa đông,search_travel
Tôi đã đi Hội An năm ngoái rất thích,inform
mình hỏi Ăn vặt Hội An,search_food_dining
cho em hỏi Nhà nghỉ Đà Nẵng trung tâm,search_accommodation
làm ơn Phú Quốc nổi tiếng về gì,search_destination
cho tôi hỏi Du lịch Nha Trang mùa đông,search_travel
ad ơi Đặt tour Đà Lạt tiết kiệm,book_tour
ad ơi Check in Huế ở đâu,search_destination
cho tôi hỏi Check in Huế ở đâu,search_destination
làm ơn Tour Huế team building,search_travel
cho tôi hỏi Kinh nghiệm đi Đà Nẵng lần đầu,search_destination
mình hỏi Booking tour Đà Nẵng giá rẻ,book_tour
ad ơi Giá vé Huế cho trẻ em,search_price
cho tôi hỏi Ở Hà Nội ăn gì ngon,search_food_dining
mình hỏi Khí hậu Vũng Tàu như thế nào,ask_weather_timing
cho em hỏi Nhóm bạn tôi định đi Vũng Tàu tháng sau,inform
cho tôi hỏi Đặt tour Mũi Né cho đoàn,book_tour
Lịch trình Mũi Né tự túc,ask_itinerary
cho em hỏi Mì quảng Hà Nội,search_food_dining
mình hỏi Khách sạn Vũng Tàu trung tâm,search_accommodation
làm ơn Phú Quốc có gì chơi,search_destination
ad ơi Tour Hội An nghỉ dưỡng,search_travel
Đi thác Đà Nẵng tham quan,search_activity
Tour Phú Quốc trọn gói bao gồm,search_travel
làm ơn Kế hoạch du lịch Huế,ask_itinerary
Tour Vũng Tàu 5 ngày 4 đêm,search_travel
ad ơi Book combo Huế,book_tour
cho em hỏi Booking tour Đà Lạt giá rẻ,book_tour
làm ơn Đi chợ Hội An về đêm,search_activity
cho em hỏi Tour Sa Pa cho người già,search_travel
cho tôi hỏi Chợ Mũi Né ẩm thực,search_food_dining
Đặt tour Mũi Né cho đoàn,book_tour
ad ơi Đi Nha Trang tham quan gì,search_destination
Nhà nghỉ Nha Trang giá rẻ,search_accommodation
mình hỏi Check in Huế ở đâu,search_destination
cho tôi hỏi Tour Huế khuyến mãi,search_travel
Tour Phú Quốc giá học sinh,search_travel
Tour Nha Trang cuối tuần,search_travel
ad ơi Lặn ngắm san hô Nha Trang,search_activity
cho em hỏi Mùa mưa ở Mũi Né tháng nào,ask_weather_timing
cho tôi hỏi Hội An ở đâu,search_destination
làm ơn Book combo Huế,book_tour
cho tôi hỏi Đà Lạt có homestay nào đẹp,search_accommodation
ad ơi Đi Huế bao nhiêu ngày,ask_itinerary
ad ơi Ăn tối trên du thuyền Huế,search_activity
ad ơi Tour Vũng Tàu 3 ngày 2 đêm,search_travel
làm ơn Tôi đã đi Sa Pa năm ngoái rất thích,inform
cho tôi hỏi Tàu hỏa Huế bao nhiêu tiền,ask_transportation
cho em hỏi Hà Nội ở đâu,search_destination
cho tôi hỏi Tour Đà Nẵng cho người già,search_travel
mình hỏi Tour Sa Pa cho người già,search_travel
ad ơi Khách sạn Sa Pa gần chợ đêm,search_accommodation
Chi phí thuê xe Vũng Tàu,search_price
mình hỏi Chi phí thuê xe Hà Nội,search_price
làm ơn Leo núi ở Huế,search_activity
ad ơi Khách sạn Vũng Tàu trung tâm,search_accommodation
Vợ chồng tôi cưới ở Phú Quốc,inform
cho em hỏi Từ Hà Nội đi Sa Pa bằng gì,ask_transportation
làm ơn Lưu trú ở Sa Pa gần chợ,search_accommodation
ad ơi Có gì đẹp ở Hội An,search_destination
cho em hỏi Căn hộ Phú Quốc view đẹp,search_accommodation
làm ơn Gợi ý tour Mũi Né 2 ngày,ask_itinerary
làm ơn Căn hộ Phú Quốc view đẹp,search_accommodation
Lịch trình Đà Lạt 3 ngày 2 đêm,ask_itinerary
mình hỏi Quán ăn ngon ở Hội An,search_food_dining
làm ơn Đặt tour Hà Nội khuyến mãi,book_tour
cho em hỏi Hà Nội nổi tiếng về gì,search_destination
mình hỏi Book combo Huế,book_tour
cho tôi hỏi Nha Trang cách Hà Nội bao xa,search_destination
Booking homestay Đà Nẵng giá rẻ,book_tour
cho tôi hỏi Tôi muốn tìm hiểu về Vũng Tàu,inform
Gợi ý lịch trình Mũi Né,ask_itinerary
cho em hỏi Buffet Nha Trang giá rẻ,search_food_dining
cho em hỏi Lặn ngắm san hô Sa Pa,search_activity
mình hỏi Lịch trình Hội An cho người già,ask_itinerary
cho tôi hỏi Hà Nội nổi tiếng về gì,search_destination
mình hỏi Khám phá Hà Nội,search_destination
làm ơn Du lịch Đà Lạt tự túc,search_travel
mình hỏi Tour Đà Nẵng 4 ngày 3 đêm,search_travel
mình hỏi Cafe view đẹp Hội An,search_food_dining
mình hỏi Cắm trại Hội An,search_activity
Tắm nước nóng Phú Quốc,search_activity
ad ơi Ẩm thực Hội An món gì đặc sản,search_food_dining
Căn hộ Phú Quốc view đẹp,search_accommodation
Thời tiết Huế tháng 12,ask_weather_timing
làm ơn Đặt phòng khách sạn Đà Lạt,book_tour
làm ơn Tour Huế khuyến mãi,search_travel
làm ơn Chè Hội An ngon,search_food_dining
làm ơn Book phòng Đà Lạt view biển,book_tour
cho em hỏi Lịch trình tour Nha Trang,search_travel
cho tôi hỏi Tour Phú Quốc cho cặp đôi,search_travel
làm ơn Hà Nội ở đâu,search_destination
Tour Vũng Tàu giá học sinh,search_travel
cho tôi hỏi Gợi ý lịch trình Mũi Né,ask_itinerary
ad ơi Đặt phòng khách sạn Đà Lạt,book_tour
mình hỏi Lặn ngắm san hô Nha Trang,search_activity
mình hỏi Khách sạn Sa Pa gần chợ đêm,search_accommodation
cho em hỏi Đặc sản Sa Pa phải thử,search_food_dining
làm ơn Mì quảng Hà Nội,search_food_dining
cho em hỏi Tàu hỏa Huế bao nhiêu tiền,ask_transportation
làm ơn Ăn vặt Huế,search_food_dining
ad ơi Giá vé tham quan Sa Pa,search_price
cho em hỏi Đà Lạt có homestay nào đẹp,search_accommodation
ad ơi Bố mẹ tôi thích Nha Trang,inform
ad ơi Tour Hội An team building,search_travel
cho em hỏi Taxi ở Nha Trang giá rẻ,ask_transportation
làm ơn Combo Huế trọn gói,search_travel
cho tôi hỏi Ngắm hoàng hôn Hội An,search_activity
cho em hỏi Xe limousine đi Mũi Né,ask_transportation
cho tôi hỏi Kinh phí đi Vũng Tàu tiết kiệm,search_price
ad ơi Tour Đà Nẵng 3 ngày 2 đêm,search_travel
mình hỏi Tắm nước nóng Phú Quốc,search_activity
cho em hỏi Nhiệt độ Phú Quốc trung bình,ask_weather_timing
cho tôi hỏi Bánh xèo Hà Nội,search_food_dining
Chi phí du lịch Hà Nội 3 ngày,search_price
cho tôi hỏi Đà Nẵng ăn gì cho bữa sáng,search_food_dining
cho em hỏi Xe đạp đi Phú Quốc,ask_transportation
ad ơi Tour Phú Quốc cho cặp đôi,search_travel
cho em hỏi Reserve phòng Đà Nẵng,book_tour
ad ơi Công ty tôi tổ chức team building ở Phú Quốc,inform
Cảnh đẹp Đà Nẵng nổi tiếng,search_destination
cho em hỏi Tour Hà Nội cho gia đình,search_travel
mình hỏi Giá tour Phú Quốc bao nhiêu,search_price
ad ơi Nha Trang cách Hà Nội bao xa,search_destination
cho em hỏi Từ Hà Nội đi Phú Quốc bằng gì,ask_transportation
mình hỏi Gợi ý tour Nha Trang 2 ngày,ask_itinerary
ad ơi Giới thiệu về Mũi Né,search_destination
Ăn vặt Hội An,search_food_dining
Hà Nội ở đâu,search_destination
cho tôi hỏi Vũng Tàu nổi tiếng về gì,search_destination
ad ơi Ở Đà Nẵng mấy ngày là đủ,ask_itinerary
cho tôi hỏi Chi phí đi Vũng Tàu tự túc,search_price
Ăn vặt Huế,search_food_dining
cho tôi hỏi Lặn ngắm san hô Sa Pa,search_activity
làm ơn Món Việt Nha Trang ngon,search_food_dining
mình hỏi Tour Sa Pa VIP 5 sao,search_travel
cho tôi hỏi Book phòng Đà Lạt view biển,book_tour
cho tôi hỏi Tour Hội An team building,search_travel
mình hỏi Lặn biển ở Nha Trang,search_activity
Cắm trại Huế,search_activity
cho tôi hỏi Đi Vũng Tàu bằng xe máy,ask_transportation
mình hỏi Đi Nha Trang tham quan gì,search_destination
làm ơn Đi bộ biển Đà Nẵng,search_activity
làm ơn Quán ăn ngon ở Nha Trang,search_food_dining
làm ơn Tàu hỏa đi Nha Trang,ask_transportation
Chia sẻ kinh nghiệm Phú Quốc,search_destination
ad ơi Chi phí du lịch Huế 3 ngày,search_price
cho tôi hỏi Cắm trại Hội An,search_activity
mình hỏi Phú Quốc có gì ngon,search_food_dining
mình hỏi Tôi muốn đưa con đi Vũng Tàu,inform
cho tôi hỏi Khách sạn Hà Nội giá rẻ,search_accommodation
Phú Quốc có gì ngon,search_food_dining
Khách sạn Hà Nội giá rẻ,search_accommodation
Nhiệt độ Nha Trang trung bình,ask_weather_timing
Khám phá ẩm thực đường phố Hội An,search_activity
ad ơi Đi Vũng Tàu bằng xe máy,ask_transportation
mình hỏi Căn hộ Phú Quốc view đẹp,search_accommodation
Lưu trú ở Sa Pa gần chợ,search_accommodation
cho tôi hỏi Sa Pa cách Hà Nội bao xa,search_destination
Nhiệt độ Sa Pa trung bình,ask_weather_timing
mình hỏi Ở Phú Quốc 4 ngày đi đâu,ask_itinerary
mình hỏi Tour Phú Quốc cuối tuần,search_travel
ad ơi Homestay Huế view đẹp,search_accommodation
cho tôi hỏi Homestay Đà Lạt cho đôi người,search_accommodation
cho em hỏi Ngắm hoàng hôn Hội An,search_activity
mình hỏi Đặt vé máy bay đi Sa Pa,book_tour
mình hỏi Đặt tour Đà Nẵng tiết kiệm,book_tour
Xe limousine đi Hội An,ask_transportation
cho em hỏi Nhà nghỉ Nha Trang giá rẻ,search_accommodation
cho tôi hỏi Xe khách đi Hội An giờ nào,ask_transportation
Chi phí Mũi Né 4 ngày 3 đêm,search_price
cho em hỏi Chi phí thuê xe Vũng Tàu,search_price
làm ơn Kinh nghiệm đi Đà Nẵng lần đầu,search_destination
cho tôi hỏi Tour Nha Trang khuyến mãi,search_travel
cho em hỏi Câu cá ở Huế,search_activity
ad ơi Khách sạn Hà Nội giá rẻ,search_accommodation
mình hỏi Kinh phí đi Sa Pa tiết kiệm,search_price
mình hỏi Câu cá ở Đà Nẵng,search_activity
cho tôi hỏi Đặt tour Đà Lạt tiết kiệm,book_tour
Reserve phòng Đà Nẵng,book_tour
làm ơn Kinh phí đi Huế tiết kiệm,search_price
Công ty tôi tổ chức team building ở Phú Quốc,inform
làm ơn Lặn ngắm san hô Sa Pa,search_activity
mình hỏi Xe đạp đi Phú Quốc,ask_transportation
ad ơi Tour Huế khuyến mãi,search_travel
ad ơi Từ Hà Nội đi Sa Pa bằng gì,ask_transportation
Dự báo thời tiết Huế,ask_weather_timing
Tour Nha Trang 5 ngày 4 đêm,search_travel
Buffet Nha Trang giá rẻ,search_food_dining
Đi Đà Lạt bằng tàu cao tốc,ask_transportation
mình hỏi Top địa điểm Hà Nội,search_destination
làm ơn Tắm nước nóng Đà Lạt,search_activity
cho em hỏi Leo núi ở Mũi Né,search_activity
Giá vé tham quan Sa Pa,search_price
mình hỏi Đi thuyền Vũng Tàu,search_activity
mình hỏi Chi phí thuê xe Vũng Tàu,search_price
Leo núi ở Huế,search_activity
cho em hỏi Lịch trình Phú Quốc cho gia đình,ask_itinerary
cho tôi hỏi Giá tour Phú Quốc bao nhiêu,search_price
Kinh phí đi Vũng Tàu tiết kiệm,search_price
ad ơi Khám phá Huế,search_destination
làm ơn Tour Phú Quốc cho cặp đôi,search_travel
cho tôi hỏi Giá vé Huế cho trẻ em,search_price
làm ơn Nhà nghỉ Mũi Né giá rẻ,search_accommodation
mình hỏi Order tour Vũng Tàu,book_tour
cho em hỏi Nên đi Phú Quốc mấy ngày,ask_itinerary
cho em hỏi Giá tour Phú Quốc bao nhiêu,search_price
mình hỏi Combo Phú Quốc trọn gói,search_travel
Resort Đà Nẵng hồ bơi,search_accommodation
Chia sẻ kinh nghiệm Đà Nẵng,search_destination
làm ơn Vũng Tàu nổi tiếng về gì,search_destination
cho tôi hỏi Booking tour Nha Trang giá tốt,search_travel
cho tôi hỏi Đặt tour Hà Nội khuyến mãi,book_tour
ad ơi Điểm đến Đà Lạt,search_destination
Tour Đà Nẵng nghỉ dưỡng,search_travel
mình hỏi Đà Nẵng ăn gì cho bữa sáng,search_food_dining
Taxi ở Nha Trang giá rẻ,ask_transportation
Khu nghỉ dưỡng Sa Pa,search_accommodation
mình hỏi Phú Quốc nổi tiếng về gì,search_destination
mình hỏi Chi phí du lịch Hà Nội 3 ngày,search_price
Du lịch Hà Nội tự túc,search_travel
làm ơn Tour Phú Quốc giá học sinh,search_travel
cho em hỏi Tour Nha Trang khuyến mãi,search_travel
ad ơi Đặt tour Vũng Tàu cho đoàn,book_tour
ad ơi Câu cá ở Đà Nẵng,search_activity
cho em hỏi Nhà nghỉ Sa Pa giá rẻ,search_accommodation
cho em hỏi Giá vé Huế cho trẻ em,search_price
làm ơn Glamping Đà Lạt,search_accommodation
mình hỏi Kinh phí đi Huế tiết kiệm,search_price
mình hỏi Đi thác Đà Nẵng tham quan,search_activity
cho tôi hỏi Hà Nội ở đâu,search_destination
cho em hỏi Chi phí ăn uống ở Đà Lạt,search_price
mình hỏi Ăn tối trên du thuyền Mũi Né,search_activity
ad ơi Lẩu Hà Nội ăn ở đâu,search_food_dining
cho tôi hỏi Homestay đẹp ở Đà Nẵng,search_accommodation
cho em hỏi Tour Đà Nẵng 4 ngày 3 đêm,search_travel
mình hỏi Hà Nội nổi tiếng về gì,search_destination
cho em hỏi Đi bộ biển Đà Lạt,search_activity
mình hỏi Đặt vé máy bay đi Hà Nội,book_tour
làm ơn Khí hậu Vũng Tàu như thế nào,ask_weather_timing
làm ơn Đặt tour Đà Nẵng tiết kiệm,book_tour
mình hỏi Booking tour Nha Trang giá tốt,search_travel
cho em hỏi Bánh xèo Hà Nội,search_food_dining
cho tôi hỏi Mùa khô ở Hà Nội,ask_weather_timing
làm ơn Thời gian lý tưởng đi Vũng Tàu,ask_weather_timing
làm ơn Bạn tôi gợi ý đi Sa Pa,inform
mình hỏi Dự báo thời tiết Huế,ask_weather_timing
cho tôi hỏi Tour Sa Pa cho người già,search_travel
cho tôi hỏi Mũi Né ăn gì cho bữa sáng,search_food_dining
ad ơi Khuyến mãi tour Phú Quốc,search_price
Bố mẹ tôi thích Nha Trang,inform
cho tôi hỏi Chia sẻ kinh nghiệm Vũng Tàu,search_destination
Order tour Vũng Tàu,book_tour
Xe khách đi Hội An giờ nào,ask_transportation
cho em hỏi Sa Pa ăn gì cho bữa sáng,search_food_dining
làm ơn Bài viết về Đà Lạt,search_destination
mình hỏi Vợ chồng tôi cưới ở Hội An,inform
cho em hỏi Nhiệt độ Sa Pa trung bình,ask_weather_timing
Tôi muốn đưa con đi Mũi Né,inform
ad ơi Đi chợ Hội An về đêm,search_activity
cho tôi hỏi Tôi đã đi Hội An năm ngoái rất thích,inform
làm ơn Dự báo thời tiết Huế,ask_weather_timing
mình hỏi Bạn tôi gợi ý đi Sa Pa,inform
ad ơi Top địa điểm Hà Nội,search_destination
ad ơi Kinh phí đi Đà Nẵng tiết kiệm,search_price
cho tôi hỏi Order tour Vũng Tàu,book_tour
cho tôi hỏi Bài viết về Đà Nẵng,search_destination
mình hỏi Chi phí du lịch Đà Lạt 3 ngày,search_price
ad ơi Chi phí thuê xe Vũng Tàu,search_price
Mũi Né mùa nào đẹp nhất,search_destination
Vẻ đẹp Sa Pa,search_destination
mình hỏi Du lịch Đà Nẵng tự túc,search_travel
cho tôi hỏi Combo Huế trọn gói,search_travel
ad ơi Tôi muốn đưa con đi Phú Quốc,inform
Lịch trình Vũng Tàu tự túc,ask_itinerary
ad ơi Hải sản Hà Nội tươi ngon,search_food_dining
làm ơn Giới thiệu về Phú Quốc,search_destination
cho em hỏi Đặt tour Mũi Né cho đoàn,book_tour
Vé máy bay Hội An khứ hồi,search_price
cho em hỏi Chi phí thuê xe Hội An,search_price
làm ơn Chi phí đi Vũng Tàu tự túc,search_price
làm ơn Tour Phú Quốc trọn gói bao gồm,search_travel
làm ơn Tour Hà Nội cho gia đình,search_travel
Có gì đẹp ở Hội An,search_destination
cho tôi hỏi Tour Đà Nẵng nghỉ dưỡng,search_travel
mình hỏi Lịch Sa Pa phù hợp,ask_itinerary
Đi Đà Lạt mùa nào đẹp,search_destination
Thời tiết Vũng Tàu tháng 6,ask_weather_timing
cho em hỏi Đi Đà Lạt mùa nào đẹp,search_destination
cho tôi hỏi Chia sẻ kinh nghiệm Đà Nẵng,search_destination
cho em hỏi Đặt tour Đà Lạt tiết kiệm,book_tour
cho tôi hỏi Chè Hội An ngon,search_food_dining
cho em hỏi Chi phí du lịch Đà Lạt 3 ngày,search_price
làm ơn Nhà nghỉ Nha Trang giá rẻ,search_accommodation
làm ơn Đi thác Đà Nẵng tham quan,search_activity
làm ơn Ăn tối trên du thuyền Mũi Né,search_activity
Booking tour Nha Trang giá tốt,search_travel
mình hỏi Công ty tôi tổ chức team building ở Phú Quốc,inform
ad ơi Đặc sản Đà Nẵng phải thử,search_food_dining
làm ơn Tour Đà Nẵng team building,search_travel
cho em hỏi Tour Nha Trang cuối tuần,search_travel
Gợi ý tour Nha Trang 2 ngày,ask_itinerary
cho tôi hỏi Khách sạn Nha Trang gần sân bay,search_accommodation
cho tôi hỏi Khách sạn Sa Pa gần chợ đêm,search_accommodation
Mũi Né ăn gì cho bữa sáng,search_food_dining
ad ơi Xe limousine đi Hội An,ask_transportation
mình hỏi Vẻ đẹp Sa Pa,search_destination
ad ơi Lịch trình tour Nha Trang,search_travel
làm ơn Tôi muốn đưa con đi Mũi Né,inform
ad ơi Tôi nghe nói Đà Nẵng rất đẹp,inform
cho tôi hỏi Tour Vũng Tàu cho cặp đôi,search_travel
cho tôi hỏi Gợi ý tour Nha Trang 2 ngày,ask_itinerary
Đi Huế bao nhiêu ngày,ask_itinerary
cho tôi hỏi Tour du lịch Đà Nẵng giá rẻ,search_travel
Glamping Đà Lạt,search_accommodation
ad ơi Chèo thuyền ở Đà Lạt,search_activity
cho tôi hỏi Từ Hà Nội đi Sa Pa bằng gì,ask_transportation
cho tôi hỏi Cafe view đẹp Hội An,search_food_dining
mình hỏi Từ Hà Nội đi Sa Pa bằng gì,ask_transportation
cho em hỏi Lịch trình Hội An cho người già,ask_itinerary
mình hỏi Chi phí thuê xe Hội An,search_price
mình hỏi Lặn ngắm san hô Sa Pa,search_activity
mình hỏi Thời tiết Huế tháng 12,ask_weather_timing
ad ơi Leo núi ở Mũi Né,search_activity
cho em hỏi Tắm nước nóng Phú Quốc,search_activity
mình hỏi Vũng Tàu nổi tiếng về gì,search_destination
cho tôi hỏi Đặt vé máy bay đi Sa Pa,book_tour
Combo Phú Quốc trọn gói,search_travel
cho em hỏi Lặn biển ở Nha Trang,search_activity
ad ơi Tour Phú Quốc 4 ngày 3 đêm,search_travel
cho em hỏi Tắm nước nóng Hà Nội,search_activity
cho em hỏi Đặt tour Hà Nội khuyến mãi,book_tour
mình hỏi Khu nghỉ dưỡng Hội An,search_accommodation
Khám phá Huế,search_destination
làm ơn Đặt tour Đà Lạt tiết kiệm,book_tour
cho tôi hỏi Tour Phú Quốc cuối tuần,search_travel
cho tôi hỏi Thời tiết Vũng Tàu tháng 6,ask_weather_timing
Homestay Mũi Né gần trung tâm,search_accommodation
cho tôi hỏi Lặn biển ở Nha Trang,search_activity
làm ơn Nhiệt độ Sa Pa trung bình,ask_weather_timing
ad ơi Nhà hàng Vũng Tàu sang trọng,search_food_dining
ad ơi Tiền ăn ở Hội An 1 ngày,search_price
làm ơn Lịch trình Hội An cho người già,ask_itinerary
cho tôi hỏi Câu cá ở Huế,search_activity
cho tôi hỏi Lịch trình Vũng Tàu tự túc,ask_itinerary
ad ơi Đi Đà Lạt mùa nào đẹp,search_destination
ad ơi Chi phí Mũi Né 4 ngày 3 đêm,search_price
mình hỏi Xe khách đi Hội An giờ nào,ask_transportation
cho em hỏi Homestay đẹp ở Đà Nẵng,search_accommodation
cho em hỏi Đi Mũi Né dịp lễ có vui không,ask_weather_timing
cho em hỏi Phú Quốc có gì ngon,search_food_dining
làm ơn Cafe view đẹp Hội An,search_food_dining
mình hỏi Homestay đẹp ở Đà Nẵng,search_accommodation
mình hỏi Đi phượt Hội An bằng xe máy,search_activity
ad ơi Vẻ đẹp Sa Pa,search_destination
cho em hỏi Tour Huế khuyến mãi,search_travel
mình hỏi Nên đi Mũi Né không,search_destination
mình hỏi Tour Vũng Tàu 5 ngày 4 đêm,search_travel
ad ơi Nhà nghỉ Đà Nẵng trung tâm,search_accommodation
Khách sạn Vũng Tàu trung tâm,search_accommodation
ad ơi Thông tin du lịch Mũi Né,search_destination
cho tôi hỏi Tour Vũng Tàu giá học sinh,search_travel
ad ơi Câu cá ở Huế,search_activity
cho em hỏi Tour Nha Trang 4 ngày 3 đêm,search_travel
ad ơi Chi phí thuê xe Hà Nội,search_price
Công ty tôi tổ chức team building ở Mũi Né,inform
mình hỏi Tour Nha Trang 5 ngày 4 đêm,search_travel
cho tôi hỏi Tôi đã đi Sa Pa năm ngoái rất thích,inform
cho em hỏi Nha Trang có quán nào nổi tiếng,search_food_dining
ad ơi Phương tiện đi Hà Nội rẻ nhất,ask_transportation
ad ơi Tour Nha Trang 5 ngày 4 đêm,search_travel
mình hỏi Thời tiết Nha Trang tháng 12,ask_weather_timing
mình hỏi Hội An ở đâu,search_destination
làm ơn Review du lịch Huế,search_destination
cho em hỏi Bài viết về Đà Lạt,search_destination
làm ơn Thông tin du lịch Mũi Né,search_destination
mình hỏi Giới thiệu về Phú Quốc,search_destination
làm ơn Lượng mưa Đà Lạt hàng năm,ask_weather_timing
làm ơn Ăn tối trên du thuyền Huế,search_activity
cho em hỏi Hải sản Đà Lạt tươi ngon,search_food_dining
làm ơn Phương tiện đi Hà Nội rẻ nhất,ask_transportation
mình hỏi Đi Mũi Né dịp lễ có vui không,ask_weather_timing
cho tôi hỏi Lịch trình Hội An cho người già,ask_itinerary
ad ơi Tour Sa Pa cho người già,search_travel
cho em hỏi Resort Đà Nẵng hồ bơi,search_accommodation
cho tôi hỏi Top địa điểm Hà Nội,search_destination
làm ơn Hội An ở đâu,search_destination
mình hỏi Tour Nha Trang 4 ngày 3 đêm,search_travel
cho em hỏi Vợ chồng tôi cưới ở Hội An,inform
Tour Hội An team building,search_travel
mình hỏi Đà Lạt có homestay nào đẹp,search_accommodation
cho tôi hỏi Các hãng bay đến Vũng Tàu,ask_transportation
Hà Nội nổi tiếng về gì,search_destination
làm ơn Đi bộ biển Mũi Né,search_activity
Buffet Hội An giá rẻ,search_food_dining
Mùa mưa ở Mũi Né tháng nào,ask_weather_timing
làm ơn Chợ Mũi Né ẩm thực,search_food_dining
làm ơn Câu cá ở Huế,search_activity
cho em hỏi Tour Nha Trang 5 ngày 4 đêm,search_travel
làm ơn Tắm nước nóng Hà Nội,search_activity
cho tôi hỏi Phú Quốc có gì ngon,search_food_dining
Ẩm thực Hội An món gì đặc sản,search_food_dining
mình hỏi Cafe view đẹp Hà Nội,search_food_dining
cho tôi hỏi Đi Đà Lạt mùa nào đẹp,search_destination
cho tôi hỏi Kỳ nghỉ Hà Nội,search_travel
làm ơn Thời tiết Nha Trang tháng 12,ask_weather_timing
ad ơi Căn hộ Phú Quốc view đẹp,search_accommodation
cho em hỏi Đi thuyền Hà Nội,search_activity
ad ơi Nhiệt độ Sa Pa trung bình,ask_weather_timing
làm ơn Quán ăn ngon ở Hội An,search_food_dining
Chèo thuyền ở Đà Lạt,search_activity
ad ơi Bạn tôi gợi ý đi Sa Pa,inform
làm ơn Resort Đà Lạt 5 sao,search_accommodation
cho tôi hỏi Tour Đà Lạt khởi hành từ Hà Nội,search_travel
cho tôi hỏi Đi chợ Hội An về đêm,search_activity
ad ơi Đi phượt Sa Pa bằng xe máy,search_activity
cho em hỏi Hải sản Sa Pa giá rẻ,search_food_dining
làm ơn Từ Hà Nội đi Sa Pa bằng gì,ask_transportation
ad ơi Xe limousine đi Mũi Né,ask_transportation
ad ơi Chi phí du lịch Đà Lạt 3 ngày,search_price
Kế hoạch du lịch Huế,ask_itinerary
cho em hỏi Tour Phú Quốc cho cặp đôi,search_travel
cho em hỏi Resort Mũi Né gia đình,search_accommodation
làm ơn Vợ chồng tôi cưới ở Hội An,inform
làm ơn Hải sản Hà Nội tươi ngon,search_food_dining
cho em hỏi Sa Pa cách Hà Nội bao xa,search_destination
mình hỏi Tour du lịch Đà Lạt giá rẻ,search_travel
cho em hỏi Tour Phú Quốc 4 ngày 3 đêm,search_travel
làm ơn Điểm đến Đà Lạt,search_destination
Nhà nghỉ Đà Nẵng trung tâm,search_accommodation
ad ơi Phú Quốc có gì ngon,search_food_dining
mình hỏi Đặt tour Hà Nội khuyến mãi,book_tour
mình hỏi Lượng mưa Đà Lạt hàng năm,ask_weather_timing
ad ơi Lịch trình Hội An cho người già,ask_itinerary
mình hỏi Các hãng bay đến Vũng Tàu,ask_transportation
làm ơn Khuyến mãi tour Phú Quốc,search_price
làm ơn Chia sẻ kinh nghiệm Đà Nẵng,search_destination
làm ơn Đi Đà Lạt trong 2 ngày,ask_itinerary
cho em hỏi Dự báo thời tiết Huế,ask_weather_timing
làm ơn Mùa khô ở Hà Nội,ask_weather_timing
làm ơn Tour Sa Pa VIP 5 sao,search_travel
cho tôi hỏi Mũi Né mùa nào đẹp nhất,search_destination
làm ơn Tour Đà Lạt khởi hành từ Hà Nội,search_travel
cho tôi hỏi Check in Hà Nội ở đâu,search_destination
mình hỏi Vé máy bay Hội An khứ hồi,search_price
làm ơn Nên đi Mũi Né không,search_destination
Resort Đà Lạt 5 sao,search_accommodation
mình hỏi Đặt tour Mũi Né cho đoàn,book_tour
mình hỏi Đi Đà Lạt bằng tàu cao tốc,ask_transportation
mình hỏi Căn hộ Hội An view đẹp,search_accommodation
Đi bộ biển Mũi Né,search_activity
Tôi ở Vũng Tàu rồi muốn đi tiếp,inform
Tour Đà Lạt khởi hành từ Hà Nội,search_travel
làm ơn Tour Đà Nẵng 3 ngày 2 đêm,search_travel
Mũi Né có quán nào nổi tiếng,search_food_dining
mình hỏi Chèo thuyền ở Đà Lạt,search_activity
cho tôi hỏi Đặt phòng khách sạn Đà Lạt,book_tour
Lượng mưa Đà Lạt hàng năm,ask_weather_timing
Cafe view đẹp Hà Nội,search_food_dining
mình hỏi Ẩm thực Hà Nội món gì đặc sản,search_food_dining
làm ơn Ẩm thực Hội An món gì đặc sản,search_food_dining
ad ơi Các hãng bay đến Vũng Tàu,ask_transportation
Chi phí du lịch Đà Lạt 3 ngày,search_price
Tour Đà Nẵng 3 ngày 2 đêm,search_travel
cho tôi hỏi Nha Trang có quán nào nổi tiếng,search_food_dining
cho em hỏi Chè Hội An ngon,search_food_dining
cho em hỏi Cafe view đẹp Hội An,search_food_dining
ad ơi Giá tour Phú Quốc bao nhiêu,search_price
Nên đi Phú Quốc mấy ngày,ask_itinerary
cho tôi hỏi Lặn ngắm san hô Nha Trang,search_activity
làm ơn Tôi nghe nói Sa Pa rất đẹp,inform
mình hỏi Nhóm bạn tôi định đi Vũng Tàu tháng sau,inform
làm ơn Ẩm thực Hà Nội món gì đặc sản,search_food_dining
mình hỏi Tour Đà Lạt khởi hành từ Hà Nội,search_travel
mình hỏi Mũi Né ăn gì cho bữa sáng,search_food_dining
cho em hỏi Tour Sa Pa VIP 5 sao,search_travel
làm ơn Tôi nghe nói Đà Nẵng rất đẹp,inform
cho em hỏi Combo Phú Quốc trọn gói,search_travel
mình hỏi Tour Phú Quốc 4 ngày 3 đêm,search_travel
mình hỏi Ăn tối trên du thuyền Huế,search_activity
mình hỏi Vợ chồng tôi cưới ở Phú Quốc,inform
mình hỏi Review du lịch Huế,search_destination
làm ơn Lịch Sa Pa phù hợp,ask_itinerary
cho em hỏi Khám phá Hà Nội,search_destination
ad ơi Chi phí ăn uống ở Đà Lạt,search_price
mình hỏi Leo núi ở Huế,search_activity
cho tôi hỏi Khu nghỉ dưỡng Sa Pa,search_accommodation
cho em hỏi Booking tour Đà Nẵng giá rẻ,book_tour
cho em hỏi Khám phá Huế,search_destination
cho em hỏi Mua vé tham quan Đà Lạt,book_tour
Tắm nước nóng Hà Nội,search_activity
cho tôi hỏi Tôi ở Phú Quốc rồi muốn đi tiếp,inform
Chi phí đi Vũng Tàu tự túc,search_price
cho em hỏi Vũng Tàu nổi tiếng về gì,search_destination
làm ơn Tour Hội An nghỉ dưỡng,search_travel
mình hỏi Tôi ở Phú Quốc rồi muốn đi tiếp,inform
cho tôi hỏi Lịch Sa Pa phù hợp,ask_itinerary
mình hỏi Đi Vũng Tàu bao nhiêu ngày,ask_itinerary
cho em hỏi Tour Hội An team building,search_travel
cho tôi hỏi Buffet Hội An giá rẻ,search_food_dining
ad ơi Dự báo thời tiết Huế,ask_weather_timing
cho em hỏi Phú Quốc có gì chơi,search_destination
Tour Huế cho cặp đôi,search_travel
Khách sạn Nha Trang gần sân bay,search_accommodation
Homestay Đà Lạt cho đôi người,search_accommodation
mình hỏi Chi phí đi Vũng Tàu tự túc,search_price
Booking tour Đà Nẵng giá rẻ,book_tour
mình hỏi Leo núi ở Mũi Né,search_activity
cho tôi hỏi Vợ chồng tôi cưới ở Hội An,inform
cho tôi hỏi Tour Phú Quốc trọn gói bao gồm,search_travel
Kinh phí đi Sa Pa tiết kiệm,search_price
ad ơi Ăn vặt Huế,search_food_dining
làm ơn Chi phí du lịch Đà Lạt 3 ngày,search_price
mình hỏi Glamping Đà Lạt,search_accommodation
ad ơi Thời tiết Vũng Tàu tháng 6,ask_weather_timing
cho em hỏi Combo Huế trọn gói,search_travel
Du lịch Nha Trang mùa đông,search_travel
ad ơi Homestay đẹp ở Đà Nẵng,search_accommodation
cho tôi hỏi Quán ăn ngon ở Nha Trang,search_food_dining
làm ơn Chia sẻ kinh nghiệm Vũng Tàu,search_destination
làm ơn Cảnh đẹp Đà Nẵng nổi tiếng,search_destination
Lặn ngắm san hô Nha Trang,search_activity
cho tôi hỏi Đi thuyền Vũng Tàu,search_activity
mình hỏi Tour Vũng Tàu giá học sinh,search_travel
ad ơi Cảnh đẹp Đà Nẵng nổi tiếng,search_destination
cho tôi hỏi Tôi muốn đưa con đi Đà Lạt,inform
cho em hỏi Thời tiết Vũng Tàu tháng 6,ask_weather_timing
mình hỏi Giá vé Huế cho trẻ em,search_price
ad ơi Đi Đà Lạt trong 2 ngày,ask_itinerary
Từ Hà Nội đi Sa Pa bằng gì,ask_transportation
làm ơn Nhóm bạn tôi định đi Vũng Tàu tháng sau,inform
cho tôi hỏi Khám phá Huế,search_destination
cho tôi hỏi Ăn vặt Huế,search_food_dining
Chi phí du lịch Huế 3 ngày,search_price
Check in Hà Nội ở đâu,search_destination
cho tôi hỏi Chi phí thuê xe Vũng Tàu,search_price
Tour du lịch Đà Nẵng giá rẻ,search_travel
Khí hậu Vũng Tàu như thế nào,ask_weather_timing
cho tôi hỏi Cafe view đẹp Hà Nội,search_food_dining
mình hỏi Chi phí Mũi Né 4 ngày 3 đêm,search_price
Tour Nha Trang 4 ngày 3 đêm,search_travel
ad ơi Ngắm hoàng hôn Hội An,search_activity
cho em hỏi Lịch trình Đà Lạt 3 ngày 2 đêm,ask_itinerary
làm ơn Kỳ nghỉ Hà Nội,search_travel
ad ơi Mũi Né ăn gì cho bữa sáng,search_food_dining
cho em hỏi Lượng mưa Đà Lạt hàng năm,ask_weather_timing
cho tôi hỏi Đi Mũi Né dịp lễ có vui không,ask_weather_timing
cho tôi hỏi Combo Phú Quốc trọn gói,search_travel
mình hỏi Lịch trình Vũng Tàu tự túc,ask_itinerary
Đặt vé máy bay đi Sa Pa,book_tour
ad ơi Booking homestay Đà Nẵng giá rẻ,book_tour
cho tôi hỏi Resort Đà Lạt 5 sao,search_accommodation
cho em hỏi Leo núi ở Huế,search_activity
cho em hỏi Ở Hà Nội ăn gì ngon,search_food_dining
làm ơn Đi Mũi Né dịp lễ có vui không,ask_weather_timing
Top địa điểm Huế,search_destination
làm ơn Ở Phú Quốc 4 ngày đi đâu,ask_itinerary
ad ơi Lịch trình Đà Lạt 3 ngày 2 đêm,ask_itinerary
Du lịch Đà Nẵng tự túc,search_travel
cho em hỏi Booking tour Nha Trang giá tốt,search_travel
Tắm nước nóng Đà Lạt,search_activity
cho tôi hỏi Hải sản Sa Pa giá rẻ,search_food_dining
Tour Sa Pa trọn gói bao gồm,search_travel
cho tôi hỏi Lưu trú ở Sa Pa gần chợ,search_accommodation
Đi Đà Lạt 1 ngày thì đi đâu,ask_itinerary
cho em hỏi Resort Đà Lạt 5 sao,search_accommodation
cho tôi hỏi Buffet Nha Trang giá rẻ,search_food_dining
cho em hỏi Đi phượt Hội An bằng xe máy,search_activity
cho em hỏi Nhà hàng Vũng Tàu sang trọng,search_food_dining
ad ơi Khám phá ẩm thực đường phố Hội An,search_activity
cho tôi hỏi Ăn vặt Hội An,search_food_dining
cho em hỏi Chi phí du lịch Hà Nội 3 ngày,search_price
ad ơi Reserve phòng Đà Nẵng,book_tour
ad ơi Kinh phí đi Vũng Tàu tiết kiệm,search_price
cho em hỏi Đi bộ biển Mũi Né,search_activity
ad ơi Nên đi Phú Quốc mấy ngày,ask_itinerary
mình hỏi Cafe view đẹp Nha Trang,search_food_dining
mình hỏi Cả nhà tôi đi Nha Trang dịp Tết,inform
cho tôi hỏi Lẩu Hà Nội ăn ở đâu,search_food_dining
Khám phá Hà Nội,search_destination
ad ơi Hải sản Sa Pa tươi ngon,search_food_dining
cho tôi hỏi Ẩm thực Hội An món gì đặc sản,search_food_dining
cho tôi hỏi Cắm trại Huế,search_activity
Lặn biển ở Nha Trang,search_activity
cho em hỏi Gợi ý tour Nha Trang 2 ngày,ask_itinerary
ad ơi Vợ chồng tôi cưới ở Phú Quốc,inform
Thời gian lý tưởng đi Vũng Tàu,ask_weather_timing
cho tôi hỏi Giới thiệu về Mũi Né,search_destination
cho em hỏi Tôi ở Phú Quốc rồi muốn đi tiếp,inform
cho em hỏi Tour Sa Pa trọn gói bao gồm,search_travel
cho em hỏi Đi Đà Lạt bằng tàu cao tốc,ask_transportation
ad ơi Bài viết về Đà Lạt,search_destination
ad ơi Vũng Tàu nổi tiếng về gì,search_destination
Cả nhà tôi đi Nha Trang dịp Tết,inform
làm ơn Lịch trình Vũng Tàu tự túc,ask_itinerary
ad ơi Glamping Đà Lạt,search_accommodation
làm ơn Giá tour Phú Quốc bao nhiêu,search_price
ad ơi Đi bộ biển Đà Nẵng,search_activity
Tôi đã đi Sa Pa năm ngoái rất thích,inform
cho tôi hỏi Du lịch Hà Nội tự túc,search_travel
Tour Nha Trang khuyến mãi,search_travel
Đi phượt Hội An bằng xe máy,search_activity
làm ơn Du lịch Hà Nội tự túc,search_travel
mình hỏi Tour Nha Trang khuyến mãi,search_travel
ad ơi Buffet Hội An giá rẻ,search_food_dining
cho tôi hỏi Chi phí thuê xe Hội An,search_price
ad ơi Khách sạn Sa Pa giá rẻ,search_accommodation
Kinh phí đi Đà Nẵng tiết kiệm,search_price
làm ơn Đi Mũi Né bằng xe máy,ask_transportation
cho tôi hỏi Booking tour Đà Nẵng giá rẻ,book_tour
làm ơn Lịch trình Đà Lạt 3 ngày 2 đêm,ask_itinerary
cho em hỏi Đi phượt Sa Pa bằng xe máy,search_activity
Tour Đà Nẵng cho người già,search_travel
mình hỏi Kinh phí đi Vũng Tàu tiết kiệm,search_price
làm ơn Khách sạn Sa Pa gần chợ đêm,search_accommodation
mình hỏi Đi Vũng Tàu bằng xe máy,ask_transportation
cho tôi hỏi Bố mẹ tôi thích Nha Trang,inform
làm ơn Tour du lịch Đà Lạt giá rẻ,search_travel
làm ơn Nhà hàng Vũng Tàu sang trọng,search_food_dining
Đặt tour Đà Lạt tiết kiệm,book_tour
làm ơn Đặc sản Đà Nẵng phải thử,search_food_dining
Chi phí ăn uống ở Đà Lạt,search_price
mình hỏi Resort Đà Lạt 5 sao,search_accommodation
mình hỏi Tour Huế khuyến mãi,search_travel
mình hỏi Đi bộ biển Đà Nẵng,search_activity
cho tôi hỏi Kinh phí đi Đà Nẵng tiết kiệm,search_price
cho tôi hỏi Lượng mưa Đà Lạt hàng năm,ask_weather_timing
Tour Đà Nẵng 4 ngày 3 đêm,search_travel
làm ơn Bánh xèo Phú Quốc,search_food_dining
cho em hỏi Chia sẻ kinh nghiệm Phú Quốc,search_destination
ad ơi Đi bộ biển Đà Lạt,search_activity
cho em hỏi Giới thiệu về Mũi Né,search_destination
làm ơn Tour Vũng Tàu cho cặp đôi,search_travel
làm ơn Chèo thuyền ở Đà Lạt,search_activity
cho em hỏi Khí hậu Vũng Tàu như thế nào,ask_weather_timing
cho em hỏi Tiền ăn ở Hà Nội 1 ngày,search_price
cho tôi hỏi Tour Hội An nghỉ dưỡng,search_travel
ad ơi Khu nghỉ dưỡng Hội An,search_accommodation
làm ơn Đi Nha Trang tham quan gì,search_destination
cho tôi hỏi Sa Pa ăn gì cho bữa sáng,search_food_dining
làm ơn Tôi đã đi Hội An năm ngoái rất thích,inform
cho em hỏi Ẩm thực Hà Nội món gì đặc sản,search_food_dining
cho tôi hỏi Tàu hỏa đi Nha Trang,ask_transportation
cho tôi hỏi Homestay Huế view đẹp,search_accommodation
Tôi ở Phú Quốc rồi muốn đi tiếp,inform
ad ơi Khám phá Hà Nội,search_destination
ad ơi Booking tour Vũng Tàu giá rẻ,book_tour
cho em hỏi Chia sẻ kinh nghiệm Sa Pa,search_destination
làm ơn Đi phượt Hội An bằng xe máy,search_activity
Bạn tôi gợi ý đi Sa Pa,inform
cho tôi hỏi Booking homestay Đà Nẵng giá rẻ,book_tour
mình hỏi Buffet Hội An giá rẻ,search_food_dining
làm ơn Ăn chay Huế,search_food_dining
cho em hỏi Gợi ý tour Mũi Né 2 ngày,ask_itinerary
mình hỏi Tour Hà Nội cho gia đình,search_travel
cho em hỏi Chi phí du lịch Huế 3 ngày,search_price
mình hỏi Khu nghỉ dưỡng Sa Pa,search_accommodation
mình hỏi Mùa khô ở Hà Nội,ask_weather_timing
cho tôi hỏi Khuyến mãi tour Phú Quốc,search_price
Homestay đẹp ở Đà Nẵng,search_accommodation
Giới thiệu về Phú Quốc,search_destination
cho tôi hỏi Khí hậu Vũng Tàu như thế nào,ask_weather_timing
cho tôi hỏi Chèo thuyền ở Đà Lạt,search_activity
làm ơn Lặn biển ở Nha Trang,search_activity
ad ơi Quán ăn ngon ở Hội An,search_food_dining
mình hỏi Kinh phí đi Đà Nẵng tiết kiệm,search_price
mình hỏi Ăn vặt Huế,search_food_dining
làm ơn Thời tiết Huế tháng 12,ask_weather_timing
làm ơn Ăn vặt Hội An,search_food_dining
ad ơi Homestay đẹp ở Hà Nội,search_accommodation
Khách sạn Sa Pa giá rẻ,search_accommodation
cho em hỏi Chi phí thuê xe Hà Nội,search_price
cho em hỏi Tôi muốn đưa con đi Phú Quốc,inform
cho tôi hỏi Gợi ý tour Mũi Né 2 ngày,ask_itinerary
cho em hỏi Kinh phí đi Sa Pa tiết kiệm,search_price
ad ơi Resort Mũi Né gia đình,search_accommodation
Tour Sa Pa cho người già,search_travel
ad ơi Kinh nghiệm đi Đà Nẵng lần đầu,search_destination
Đi Mũi Né bằng xe máy,ask_transportation
làm ơn Buffet Nha Trang giá rẻ,search_food_dining
cho tôi hỏi Tôi nghe nói Sa Pa rất đẹp,inform
Tôi nghe nói Sa Pa rất đẹp,inform
cho tôi hỏi Reserve phòng Đà Nẵng,book_tour
ad ơi Tour Nha Trang khuyến mãi,search_travel
cho tôi hỏi Chi phí du lịch Nha Trang 3 ngày,search_price
làm ơn Tour Vũng Tàu 3 ngày 2 đêm,search_travel
làm ơn Tour Sa Pa cho người già,search_travel
làm ơn Đi Huế bao nhiêu ngày,ask_itinerary
cho em hỏi Book phòng Đà Lạt view biển,book_tour
mình hỏi Nhà hàng Vũng Tàu sang trọng,search_food_dining
Check in Huế ở đâu,search_destination
mình hỏi Đi chợ Hội An về đêm,search_activity
mình hỏi Tôi nghe nói Sa Pa rất đẹp,inform
mình hỏi Tour Đà Nẵng 3 ngày 2 đêm,search_travel
làm ơn Tour Đà Nẵng nghỉ dưỡng,search_travel
cho em hỏi Cafe view đẹp Hà Nội,search_food_dining
Xe giường nằm đi Huế,ask_transportation
làm ơn Đặt vé máy bay đi Sa Pa,book_tour
cho em hỏi Chia sẻ kinh nghiệm Đà Nẵng,search_destination
mình hỏi Chia sẻ kinh nghiệm Sa Pa,search_destination
mình hỏi Phú Quốc có gì chơi,search_destination
cho tôi hỏi Bạn tôi gợi ý đi Sa Pa,inform
cho em hỏi Cảnh đẹp Mũi Né nổi tiếng,search_destination
mình hỏi Bánh xèo Hà Nội,search_food_dining
ad ơi Du lịch Nha Trang mùa đông,search_travel
cho tôi hỏi Tour Sa Pa trọn gói bao gồm,search_travel
Tour Đà Nẵng team building,search_travel
Hải sản Sa Pa giá rẻ,search_food_dining
cho tôi hỏi Khám phá ẩm thực đường phố Hội An,search_activity
mình hỏi Tour Huế team building,search_travel
cho em hỏi Cả nhà tôi đi Huế dịp Tết,inform
mình hỏi Buffet Nha Trang giá rẻ,search_food_dining
ad ơi Lưu trú ở Sa Pa gần chợ,search_accommodation
ad ơi Đặt tour Hà Nội khuyến mãi,book_tour
Tôi muốn đưa con đi Vũng Tàu,inform
mình hỏi Kinh nghiệm đi Đà Nẵng lần đầu,search_destination
cho em hỏi Phương tiện đi Hà Nội rẻ nhất,ask_transportation
làm ơn Ở Đà Nẵng mấy ngày là đủ,ask_itinerary
Cafe view đẹp Nha Trang,search_food_dining
ad ơi Booking tour Đà Lạt giá rẻ,book_tour
cho em hỏi Lịch trình Vũng Tàu tự túc,ask_itinerary
mình hỏi Booking tour Huế giá tốt,search_travel
ad ơi Thời gian lý tưởng đi Vũng Tàu,ask_weather_timing
mình hỏi Đi Mũi Né bằng xe máy,ask_transportation
mình hỏi Tour Hội An nghỉ dưỡng,search_travel
Chi phí du lịch Nha Trang 3 ngày,search_price
cho tôi hỏi Tour Đà Nẵng team building,search_travel
mình hỏi Nha Trang ăn gì cho bữa sáng,search_food_dining
cho tôi hỏi Mũi Né có quán nào nổi tiếng,search_food_dining
làm ơn Chi phí Mũi Né 4 ngày 3 đêm,search_price
cho tôi hỏi Hải sản Sa Pa tươi ngon,search_food_dining
ad ơi Lặn biển ở Nha Trang,search_activity
ad ơi Khách sạn Nha Trang gần sân bay,search_accommodation
cho tôi hỏi Resort Mũi Né gia đình,search_accommodation
Chè Hội An ngon,search_food_dining
mình hỏi Phương tiện đi Hà Nội rẻ nhất,ask_transportation
cho em hỏi Chia sẻ kinh nghiệm Vũng Tàu,search_destination
làm ơn Nên đi Phú Quốc mấy ngày,ask_itinerary
làm ơn Tôi muốn đưa con đi Đà Lạt,inform
làm ơn Tôi ở Phú Quốc rồi muốn đi tiếp,inform
mình hỏi Lưu trú ở Sa Pa gần chợ,search_accommodation
ad ơi Kinh phí đi Sa Pa tiết kiệm,search_price
cho em hỏi Món Việt Nha Trang ngon,search_food_dining
ad ơi Xe khách đi Hội An giờ nào,ask_transportation
Đi Sa Pa bằng tàu cao tốc,ask_transportation
ad ơi Sa Pa cách Hà Nội bao xa,search_destination
cho em hỏi Tôi đã đi Sa Pa năm ngoái rất thích,inform
ad ơi Vé máy bay Hội An khứ hồi,search_price
mình hỏi Món Việt Nha Trang ngon,search_food_dining
ad ơi Mua vé tham quan Đà Lạt,book_tour
cho tôi hỏi Đi phượt Sa Pa bằng xe máy,search_activity
cho em hỏi Tôi nghe nói Đà Nẵng rất đẹp,inform
cho tôi hỏi Cảnh đẹp Đà Nẵng nổi tiếng,search_destination
mình hỏi Booking homestay Đà Nẵng giá rẻ,book_tour
cho tôi hỏi Tour Hà Nội cho gia đình,search_travel
ad ơi Bài viết về Đà Nẵng,search_destination
làm ơn Xe limousine đi Mũi Né,ask_transportation
làm ơn Chia sẻ kinh nghiệm Phú Quốc,search_destination
Mùa khô ở Hà Nội,ask_weather_timing
mình hỏi Câu cá ở Huế,search_activity
ad ơi Mùa khô ở Hà Nội,ask_weather_timing
làm ơn Ngắm hoàng hôn Hội An,search_activity
làm ơn Cắm trại Hội An,search_activity
mình hỏi Ăn chay Huế,search_food_dining
Tôi muốn đưa con đi Đà Lạt,inform
Xe đạp đi Phú Quốc,ask_transportation
cho tôi hỏi Khách sạn Vũng Tàu trung tâm,search_accommodation
mình hỏi Homestay Vũng Tàu view đẹp,search_accommodation
ad ơi Đi Sa Pa bằng tàu cao tốc,ask_transportation
mình hỏi Lẩu Hà Nội ăn ở đâu,search_food_dining
mình hỏi Tôi đã đi Sa Pa năm ngoái rất thích,inform
ad ơi Bánh xèo Hà Nội,search_food_dining
mình hỏi Lịch trình Mũi Né tự túc,ask_itinerary
làm ơn Tour Phú Quốc 4 ngày 3 đêm,search_travel
cho tôi hỏi Review du lịch Huế,search_destination
ad ơi Từ Hà Nội đi Phú Quốc bằng gì,ask_transportation
Nhóm bạn tôi định đi Vũng Tàu tháng sau,inform
cho tôi hỏi Nhà nghỉ Nha Trang giá rẻ,search_accommodation
cho em hỏi Đi Vũng Tàu bao nhiêu ngày,ask_itinerary
ad ơi Hải sản Phú Quốc tươi ngon,search_food_dining
làm ơn Khám phá Hà Nội,search_destination
ad ơi Đặt vé máy bay đi Sa Pa,book_tour
Phú Quốc có gì chơi,search_destination
Ăn chay Huế,search_food_dining
cho em hỏi Ăn chay Huế,search_food_dining
Đi bộ biển Đà Nẵng,search_activity
cho tôi hỏi Tour du lịch Đà Lạt giá rẻ,search_travel
mình hỏi Du lịch Hà Nội tự túc,search_travel
ad ơi Tour Đà Lạt khởi hành từ Hà Nội,search_travel
cho tôi hỏi Mì quảng Hà Nội,search_food_dining
cho tôi hỏi Nhiệt độ Phú Quốc trung bình,ask_weather_timing
mình hỏi Đi bộ biển Mũi Né,search_activity
cho em hỏi Ở Đà Nẵng mấy ngày là đủ,ask_itinerary
làm ơn Booking tour Đà Nẵng giá rẻ,book_tour
cho em hỏi Lưu trú ở Sa Pa gần chợ,search_accommodation
làm ơn Cafe view đẹp Nha Trang,search_food_dining
ad ơi Đi Đà Lạt 1 ngày thì đi đâu,ask_itinerary
mình hỏi Đặt phòng khách sạn Đà Lạt,book_tour
ad ơi Hải sản Đà Lạt tươi ngon,search_food_dining
làm ơn Nhiệt độ Phú Quốc trung bình,ask_weather_timing
ad ơi Đi Hội An dịp lễ có vui không,ask_weather_timing
cho em hỏi Điểm đến Đà Lạt,search_destination
Combo Huế trọn gói,search_travel
cho tôi hỏi Tour Nha Trang cuối tuần,search_travel
Đặc sản Đà Nẵng phải thử,search_food_dining
làm ơn Tôi muốn đưa con đi Vũng Tàu,inform
làm ơn Giá vé Huế cho trẻ em,search_price
mình hỏi Tour Nha Trang cuối tuần,search_travel
mình hỏi Bánh xèo Phú Quốc,search_food_dining
cho tôi hỏi Nhóm bạn tôi định đi Vũng Tàu tháng sau,inform
làm ơn Tour Vũng Tàu 5 ngày 4 đêm,search_travel
mình hỏi Chè Hội An ngon,search_food_dining
Quán ăn ngon ở Hội An,search_food_dining
làm ơn Combo Phú Quốc trọn gói,search_travel
Lịch Sa Pa phù hợp,ask_itinerary
Kỳ nghỉ Hà Nội,search_travel
cho tôi hỏi Phương tiện đi Hà Nội rẻ nhất,ask_transportation
Tiền ăn ở Hà Nội 1 ngày,search_price
cho tôi hỏi Chi phí ăn uống ở Đà Lạt,search_price
mình hỏi Tour Đà Nẵng nghỉ dưỡng,search_travel
cho em hỏi Đi thuyền Vũng Tàu,search_activity
cho em hỏi Tour Phú Quốc giá học sinh,search_travel
cho tôi hỏi Glamping Đà Lạt,search_accommodation
cho tôi hỏi Đi Đà Lạt 1 ngày thì đi đâu,ask_itinerary
cho tôi hỏi Đặc sản Sa Pa phải thử,search_food_dining
cho em hỏi Đặc sản Đà Nẵng phải thử,search_food_dining
Homestay Vũng Tàu view đẹp,search_accommodation
làm ơn Lẩu Hà Nội ăn ở đâu,search_food_dining
ad ơi Xe giường nằm đi Huế,ask_transportation
Chợ Mũi Né ẩm thực,search_food_dining
ad ơi Tôi đã đi Sa Pa năm ngoái rất thích,inform
cho tôi hỏi Du lịch Đà Lạt tự túc,search_travel
Đi Hội An dịp lễ có vui không,ask_weather_timing
cho em hỏi Homestay Mũi Né gần trung tâm,search_accommodation
làm ơn Nhà nghỉ Đà Nẵng trung tâm,search_accommodation
cho em hỏi Công ty tôi tổ chức team building ở Phú Quốc,inform
làm ơn Chia sẻ kinh nghiệm Sa Pa,search_destination
cho tôi hỏi Nhà nghỉ Đà Nẵng trung tâm,search_accommodation
Lịch trình Phú Quốc cho gia đình,ask_itinerary
mình hỏi Có gì đẹp ở Hội An,search_destination
Cảnh đẹp Mũi Né nổi tiếng,search_destination
Câu cá ở Huế,search_activity
cho tôi hỏi Đi phượt Hội An bằng xe máy,search_activity
làm ơn Cắm trại Huế,search_activity
mình hỏi Nhà nghỉ Đà Nẵng trung tâm,search_accommodation
cho em hỏi Booking tour Huế giá tốt,search_travel
ad ơi Tôi đã đi Hội An năm ngoái rất thích,inform
Tour Phú Quốc 4 ngày 3 đêm,search_travel
làm ơn Công ty tôi tổ chức team building ở Phú Quốc,inform
cho em hỏi Khuyến mãi tour Phú Quốc,search_price
ad ơi Đặt tour Hội An khuyến mãi,book_tour
mình hỏi Taxi ở Nha Trang giá rẻ,ask_transportation
mình hỏi Tour du lịch Đà Nẵng giá rẻ,search_travel
cho em hỏi Đặt tour Vũng Tàu cho đoàn,book_tour
cho em hỏi Quán ăn ngon ở Nha Trang,search_food_dining
làm ơn Homestay Đà Lạt cho đôi người,search_accommodation
cho tôi hỏi Nhà nghỉ Sa Pa giá rẻ,search_accommodation
cho tôi hỏi Taxi ở Nha Trang giá rẻ,ask_transportation
mình hỏi Xe limousine đi Mũi Né,ask_transportation
cho tôi hỏi Chi phí du lịch Huế 3 ngày,search_price
làm ơn Chi phí thuê xe Hà Nội,search_price
Tour du lịch Đà Lạt giá rẻ,search_travel
mình hỏi Cắm trại Huế,search_activity
làm ơn Bố mẹ tôi thích Nha Trang,inform
cho em hỏi Book combo Huế,book_tour
mình hỏi Nhiệt độ Nha Trang trung bình,ask_weather_timing
cho tôi hỏi Chia sẻ kinh nghiệm Sa Pa,search_destination
cho em hỏi Vợ chồng tôi cưới ở Phú Quốc,inform
làm ơn Đặc sản Sa Pa phải thử,search_food_dining
cho em hỏi Thông tin du lịch Mũi Né,search_destination
làm ơn Cafe view đẹp Hà Nội,search_food_dining
ad ơi Tour Đà Nẵng team building,search_travel
Nhiệt độ Phú Quốc trung bình,ask_weather_timing
mình hỏi Booking tour Vũng Tàu giá rẻ,book_tour
mình hỏi Tiền ăn ở Hà Nội 1 ngày,search_price
cho tôi hỏi Nên đi Mũi Né không,search_destination
cho tôi hỏi Đi Sa Pa bằng tàu cao tốc,ask_transportation
mình hỏi Từ Hà Nội đi Phú Quốc bằng gì,ask_transportation
Tôi nghe nói Đà Nẵng rất đẹp,inform
ad ơi Top địa điểm Huế,search_destination
làm ơn Đi bộ biển Đà Lạt,search_activity
ad ơi Xe đạp đi Phú Quốc,ask_transportation
ad ơi Tour Phú Quốc trọn gói bao gồm,search_travel
ad ơi Vợ chồng tôi cưới ở Hội An,inform
ad ơi Tôi muốn đưa con đi Đà Lạt,inform
mình hỏi Check in Hà Nội ở đâu,search_destination
làm ơn Bài viết về Đà Nẵng,search_destination
mình hỏi Chi phí du lịch Huế 3 ngày,search_price
ad ơi Chi phí du lịch Nha Trang 3 ngày,search_price
làm ơn Tôi ở Vũng Tàu rồi muốn đi tiếp,inform
ad ơi Chia sẻ kinh nghiệm Đà Nẵng,search_destination
cho tôi hỏi Đặt vé máy bay đi Hà Nội,book_tour
ad ơi Tôi ở Vũng Tàu rồi muốn đi tiếp,inform
cho em hỏi Top địa điểm Hà Nội,search_destination
ad ơi Buffet Nha Trang giá rẻ,search_food_dining
làm ơn Đi Hội An dịp lễ có vui không,ask_weather_timing
cho tôi hỏi Hải sản Đà Lạt tươi ngon,search_food_dining
mình hỏi Check in Đà Nẵng ở đâu,search_destination
cho em hỏi Tôi muốn tìm hiểu về Vũng Tàu,inform
cho em hỏi Đà Nẵng ăn gì cho bữa sáng,search_food_dining
mình hỏi Ở Hà Nội ăn gì ngon,search_food_dining
cho tôi hỏi Nha Trang ăn gì cho bữa sáng,search_food_dining
cho em hỏi Kinh phí đi Huế tiết kiệm,search_price
Tôi muốn tìm hiểu về Vũng Tàu,inform
cho tôi hỏi Thông tin du lịch Mũi Né,search_destination
Nha Trang cách Hà Nội bao xa,search_destination
cho em hỏi Review du lịch Hà Nội,search_destination
cho em hỏi Mũi Né mùa nào đẹp nhất,search_destination
làm ơn Mũi Né mùa nào đẹp nhất,search_destination
ad ơi Đặt vé máy bay đi Hà Nội,book_tour
ad ơi Món Việt Nha Trang ngon,search_food_dining
cho em hỏi Đặt phòng khách sạn Đà Lạt,book_tour
cho tôi hỏi Tiền ăn ở Hội An 1 ngày,search_price
cho tôi hỏi Đặt tour Đà Nẵng tiết kiệm,book_tour
Đặt tour Hội An khuyến mãi,book_tour
cho em hỏi Tour Đà Lạt khởi hành từ Hà Nội,search_travel
làm ơn Chi phí thuê xe Hội An,search_price
mình hỏi Đi thuyền Hà Nội,search_activity
cho tôi hỏi Tour Vũng Tàu 3 ngày 2 đêm,search_travel
mình hỏi Tour Phú Quốc cho cặp đôi,search_travel
ad ơi Hội An ở đâu,search_destination
cho tôi hỏi Công ty tôi tổ chức team building ở Phú Quốc,inform
làm ơn Khám phá Huế,search_destination
làm ơn Mua vé tham quan Đà Lạt,book_tour
ad ơi Ở Phú Quốc 4 ngày đi đâu,ask_itinerary
cho tôi hỏi Xe giường nằm đi Huế,ask_transportation
cho tôi hỏi Tour Nha Trang 5 ngày 4 đêm,search_travel
làm ơn Đà Lạt có homestay nào đẹp,search_accommodation
làm ơn Đi Đà Lạt 1 ngày thì đi đâu,ask_itinerary
Từ Hà Nội đi Phú Quốc bằng gì,ask_transportation
làm ơn Lịch trình Phú Quốc cho gia đình,ask_itinerary
Book phòng Đà Lạt view biển,book_tour
mình hỏi Mì quảng Hà Nội,search_food_dining
làm ơn Đi Sa Pa bằng tàu cao tốc,ask_transportation
ad ơi Chia sẻ kinh nghiệm Phú Quốc,search_destination
Ở Đà Nẵng mấy ngày là đủ,ask_itinerary
mình hỏi Hà Nội ở đâu,search_destination
mình hỏi Nhà nghỉ Mũi Né giá rẻ,search_accommodation
làm ơn Top địa điểm Hà Nội,search_destination
Tour Phú Quốc cuối tuần,search_travel
làm ơn Tiền ăn ở Hội An 1 ngày,search_price
làm ơn Mũi Né ăn gì cho bữa sáng,search_food_dining
ad ơi Homestay Vũng Tàu view đẹp,search_accommodation
Lặn ngắm san hô Sa Pa,search_activity
ad ơi Căn hộ Hội An view đẹp,search_accommodation
ad ơi Tour du lịch Đà Nẵng giá rẻ,search_travel
mình hỏi Khách sạn Nha Trang gần sân bay,search_accommodation
ad ơi Chợ Mũi Né ẩm thực,search_food_dining
làm ơn Chi phí ăn uống ở Đà Lạt,search_price
mình hỏi Nhiệt độ Phú Quốc trung bình,ask_weather_timing
làm ơn Buffet Hội An giá rẻ,search_food_dining
cho em hỏi Vẻ đẹp Sa Pa,search_destination
mình hỏi Kỳ nghỉ Hà Nội,search_travel
Kinh nghiệm đi Đà Nẵng lần đầu,search_destination
ad ơi Mì quảng Hà Nội,search_food_dining
mình hỏi Tour Đà Nẵng cho người già,search_travel
ad ơi Ẩm thực Hà Nội món gì đặc sản,search_food_dining
ad ơi Tour Đà Nẵng cho người già,search_travel
ad ơi Ăn chay Huế,search_food_dining
cho em hỏi Ở Phú Quốc 4 ngày đi đâu,ask_itinerary
ad ơi Thời tiết Nha Trang tháng 12,ask_weather_timing
ad ơi Chia sẻ kinh nghiệm Sa Pa,search_destination
Tour Phú Quốc cho cặp đôi,search_travel
làm ơn Đặt tour Vũng Tàu cho đoàn,book_tour
mình hỏi Du lịch Đà Lạt tự túc,search_travel
làm ơn Khách sạn Sa Pa giá rẻ,search_accommodation
mình hỏi Mũi Né mùa nào đẹp nhất,search_destination
cho em hỏi Quán ăn ngon ở Hội An,search_food_dining
ad ơi Đặt tour Đà Nẵng tiết kiệm,book_tour
mình hỏi Thời tiết Vũng Tàu tháng 6,ask_weather_timing
cho em hỏi Bố mẹ tôi thích Nha Trang,inform
cho em hỏi Tôi ở Vũng Tàu rồi muốn đi tiếp,inform
ad ơi Tour Hà Nội cho gia đình,search_travel
mình hỏi Nhà nghỉ Sa Pa giá rẻ,search_accommodation
ad ơi Đi bộ biển Mũi Né,search_activity
cho tôi hỏi Đi Hội An dịp lễ có vui không,ask_weather_timing
Giá tour Phú Quốc bao nhiêu,search_price
làm ơn Nhà nghỉ Sa Pa giá rẻ,search_accommodation
cho em hỏi Tour Vũng Tàu cho cặp đôi,search_travel
cho em hỏi Thời tiết Nha Trang tháng 12,ask_weather_timing
làm ơn Tiền ăn ở Hà Nội 1 ngày,search_price
mình hỏi Hải sản Sa Pa giá rẻ,search_food_dining
Resort Mũi Né gia đình,search_accommodation
làm ơn Lịch trình Mũi Né tự túc,ask_itinerary
mình hỏi Tour Phú Quốc trọn gói bao gồm,search_travel
cho em hỏi Tour Huế team building,search_travel
ad ơi Nên đi Mũi Né không,search_destination
cho tôi hỏi Căn hộ Hội An view đẹp,search_accommodation
cho tôi hỏi Tôi muốn đưa con đi Phú Quốc,inform
cho tôi hỏi Phú Quốc có gì chơi,search_destination
cho em hỏi Tour Đà Nẵng team building,search_travel
mình hỏi Ở Đà Nẵng mấy ngày là đủ,ask_itinerary
mình hỏi Tôi đã đi Hội An năm ngoái rất thích,inform
ad ơi Tour Phú Quốc cuối tuần,search_travel
Bánh xèo Hà Nội,search_food_dining
cho em hỏi Chợ Mũi Né ẩm thực,search_food_dining
ad ơi Check in Đà Nẵng ở đâu,search_destination
Tour Hà Nội cho gia đình,search_travel
mình hỏi Tour Huế cho cặp đôi,search_travel
mình hỏi Chia sẻ kinh nghiệm Phú Quốc,search_destination
cho em hỏi Chi phí du lịch Nha Trang 3 ngày,search_price
làm ơn Booking homestay Đà Nẵng giá rẻ,book_tour
Đà Nẵng ăn gì cho bữa sáng,search_food_dining
cho em hỏi Mũi Né ăn gì cho bữa sáng,search_food_dining
ad ơi Chi phí du lịch Hà Nội 3 ngày,search_price
cho tôi hỏi Tắm nước nóng Đà Lạt,search_activity
cho tôi hỏi Đặt tour Hội An khuyến mãi,book_tour
Chia sẻ kinh nghiệm Sa Pa,search_destination
làm ơn Công ty tôi tổ chức team building ở Mũi Né,inform
ad ơi Hà Nội ở đâu,search_destination
cho em hỏi Tour Phú Quốc cuối tuần,search_travel
Chi phí thuê xe Hội An,search_price
Căn hộ Hội An view đẹp,search_accommodation
Điểm đến Đà Lạt,search_destination
mình hỏi Khám phá ẩm thực đường phố Hội An,search_activity
cho em hỏi Ăn tối trên du thuyền Huế,search_activity
cho tôi hỏi Homestay đẹp ở Hà Nội,search_accommodation
ad ơi Tôi nghe nói Sa Pa rất đẹp,inform
ad ơi Cafe view đẹp Nha Trang,search_food_dining
cho tôi hỏi Thời gian lý tưởng đi Vũng Tàu,ask_weather_timing
Tour Hội An nghỉ dưỡng,search_travel
cho tôi hỏi Villa Mũi Né hồ bơi,search_accommodation
mình hỏi Thông tin du lịch Mũi Né,search_destination
làm ơn Câu cá ở Đà Nẵng,search_activity
ad ơi Lịch Sa Pa phù hợp,ask_itinerary
làm ơn Ở Hà Nội ăn gì ngon,search_food_dining
Bài viết về Đà Lạt,search_destination
Du lịch Đà Lạt tự túc,search_travel
làm ơn Order tour Vũng Tàu,book_tour
mình hỏi Tour Vũng Tàu 3 ngày 2 đêm,search_travel
cho tôi hỏi Chi phí du lịch Hà Nội 3 ngày,search_price
Nhà nghỉ Mũi Né giá rẻ,search_accommodation
ad ơi Đi phượt Hội An bằng xe máy,search_activity
ad ơi Ở Hà Nội ăn gì ngon,search_food_dining
mình hỏi Tour Phú Quốc giá học sinh,search_travel
mình hỏi Tour Hội An team building,search_travel
cho tôi hỏi Tôi ở Vũng Tàu rồi muốn đi tiếp,inform
làm ơn Có gì đẹp ở Hội An,search_destination
Ăn tối trên du thuyền Huế,search_activity
làm ơn Kinh phí đi Đà Nẵng tiết kiệm,search_price
ad ơi Resort Đà Nẵng hồ bơi,search_accommodation
cho em hỏi Booking homestay Đà Nẵng giá rẻ,book_tour
cho em hỏi Kinh nghiệm đi Đà Nẵng lần đầu,search_destination
Đặt tour Vũng Tàu cho đoàn,book_tour
cho tôi hỏi Tôi nghe nói Đà Nẵng rất đẹp,inform
cho tôi hỏi Cả nhà tôi đi Huế dịp Tết,inform
mình hỏi Nhiệt độ Sa Pa trung bình,ask_weather_timing
ad ơi Tour Vũng Tàu 5 ngày 4 đêm,search_travel
cho tôi hỏi Câu cá ở Đà Nẵng,search_activity
mình hỏi Nha Trang có quán nào nổi tiếng,search_food_dining
ad ơi Đi Vũng Tàu bao nhiêu ngày,ask_itinerary
mình hỏi Tắm nước nóng Đà Lạt,search_activity
Đi thuyền Hà Nội,search_activity
mình hỏi Nên đi Phú Quốc mấy ngày,ask_itinerary
làm ơn Cả nhà tôi đi Nha Trang dịp Tết,inform
mình hỏi Top địa điểm Huế,search_destination
mình hỏi Lịch trình tour Nha Trang,search_travel
cho em hỏi Chi phí Mũi Né 4 ngày 3 đêm,search_price
Bánh xèo Phú Quốc,search_food_dining
mình hỏi Lịch trình Phú Quốc cho gia đình,ask_itinerary
ad ơi Tôi muốn đưa con đi Vũng Tàu,inform
làm ơn Lịch trình tour Nha Trang,search_travel
cho em hỏi Bạn tôi gợi ý đi Sa Pa,inform
cho tôi hỏi Ăn chay Huế,search_food_dining
cho tôi hỏi Cảnh đẹp Mũi Né nổi tiếng,search_destination
cho em hỏi Kinh phí đi Vũng Tàu tiết kiệm,search_price
cho tôi hỏi Kế hoạch du lịch Huế,ask_itinerary
cho em hỏi Glamping Đà Lạt,search_accommodation
ad ơi Gợi ý tour Mũi Né 2 ngày,ask_itinerary
làm ơn Tour Phú Quốc cuối tuần,search_travel
làm ơn Nha Trang có quán nào nổi tiếng,search_food_dining
Review du lịch Huế,search_destination
ad ơi Mũi Né mùa nào đẹp nhất,search_destination
cho tôi hỏi Đi Đà Lạt bằng tàu cao tốc,ask_transportation
cho em hỏi Xe limousine đi Hội An,ask_transportation
cho em hỏi Tour Vũng Tàu 5 ngày 4 đêm,search_travel
cho em hỏi Đặt tour Hội An khuyến mãi,book_tour
ad ơi Khí hậu Vũng Tàu như thế nào,ask_weather_timing
Giới thiệu về Mũi Né,search_destination
mình hỏi Gợi ý lịch trình Mũi Né,ask_itinerary
cho tôi hỏi Tour Vũng Tàu 5 ngày 4 đêm,search_travel
hey,greet
hello,greet
hi,greet
hello there,greet
good morning,greet
good evening,greet
moin,greet
hey there,greet
let's go,greet
hey dude,greet
goodmorning,greet
goodevening,greet
good afternoon,greet
chào bạn,greet
xin chào,greet
alo,greet
ê bot,greet
hi shop,greet
chào ad,greet
buổi sáng tốt lành,greet
chào ngày mới,greet
có ai ở đó không,greet
hello ad,greet
súp bro,greet
tư vấn mình với,greet
cu,goodbye
good by,goodbye
cee you later,goodbye
good night,goodbye
bye,goodbye
goodbye,goodbye
have a nice day,goodbye
see you around,goodbye
bye bye,goodbye
see you later,goodbye
tạm biệt,goodbye
cám ơn bot nhé bye,goodbye
pp,goodbye
bai bai,goodbye
off đây,goodbye
bye shop,goodbye
out nha,goodbye
hẹn gặp lại,goodbye
đi ngủ đây,goodbye
lúc khác nhắn tiếp,goodbye
yes,affirm
y,affirm
indeed,affirm
of course,affirm
that sounds good,affirm
correct,affirm
đúng rồi,affirm
chuẩn,affirm
oke,affirm
duyệt,affirm
đồng ý,affirm
dạ đúng,affirm
chính xác,affirm
yup,affirm
chốt luôn,affirm
okela,affirm
đúng ý mình,affirm
thế cũng được,affirm
tuyệt vời,affirm
đỉnh quá,affirm
xịn xò,affirm
quá tuyệt,affirm
ưng ý lắm,affirm
10 điểm cho shop,affirm
không phải,deny
sai rồi,deny
k,deny
ko,deny
thôi,deny
đổi cái khác đi,deny
không thích,deny
bỏ đi,deny
đắt quá thôi,deny
không ok lắm,deny
nhầm rồi bot ơi,deny
nope,deny
are you a bot?,bot_challenge
are you a human?,bot_challenge
am I talking to a bot?,bot_challenge
am I talking to a human?,bot_challenge
bạn là người hay máy,bot_challenge
đang chat với bot à,bot_challenge
ai đang chat vậy,bot_challenge
shop dùng auto reply à,bot_challenge
gọi nhân viên thật ra đây,bot_challenge
mày là AI hả,bot_challenge
giá vàng hôm nay bao nhiêu,out_of_scope
ai là tổng thống mỹ,out_of_scope
bạn ăn cơm chưa,out_of_scope
hướng dẫn nấu phở bò,out_of_scope
mở nhạc cho tôi nghe,out_of_scope
1 cộng 1 bằng mấy,out_of_scope
thời tiết hà nội hôm nay thế nào,out_of_scope
ronaldo hay messi đá hay hơn,out_of_scope
cách sửa lỗi code python,out_of_scope
bitcoin đang giá bao nhiêu,out_of_scope
nay đề về bao nhiêu,out_of_scope
kể cho tôi một câu chuyện cười,out_of_scope
huỳnh như đá ở đội nào,out_of_scope
viết bài văn tả con mèo,out_of_scope
cách trồng cây bonsai,out_of_scope
cách chữa đau dạ dày,out_of_scope
gợi ý điểm du lịch,search_destination
tôi muốn đi du lịch,search_destination
có nơi nào đẹp để đi chơi không,search_destination
gợi ý địa điểm du lịch,search_destination
tôi muốn đi đâu đó,search_destination
tôi muốn đi du lịch [mùa hè](season),search_destination
gợi ý điểm đi chơi [tháng 4](month_from) đến [tháng 6](month_to),search_destination
tôi muốn đi trong [tháng 5](month),search_destination
đi đâu [mùa đông](season) thì hợp,search_destination
[sắp tới](time_window) tôi nên đi đâu,search_destination
đi từ [tháng 9](month_from) sang [tháng 11](month_to) thì có chỗ nào đẹp,search_destination
[tháng 12](month) đi đâu ở [miền bắc](category) đẹp,search_destination
t muốn đi Đà Lạt,search_destination
cho xin review đi Sapa [tháng 10](month),search_destination
dạo này stress quá có chỗ nào [yên tĩnh](category) đi [vài ngày](duration) không,search_destination
muốn tìm nơi [chữa lành](category),search_destination
dịp lễ [30/4](time_window) nên đi tỉnh nào,search_destination
có chỗ nào đi trốn nắng [mùa hè](season) không,search_destination
tui muốn đi từ tháng 2 đến tháng 5,search_destination
muốn đi đâu đó từ tháng 1 tới tháng 3,search_destination
gợi ý chỗ nào đi chữa lành healing với bot,search_destination
đợt này muốn đi trốn deadline quá,search_destination
chỗ nào chụp hình sống ảo cháy máy ta,search_destination
có nơi nào chill chill không bot,search_destination
mình đang bị suy đi đâu hợp lý,search_destination
tôi muốn [leo núi](activity),search_activity
[leo núi](activity) [tháng 10](month),search_activity
mình muốn leo núi vào [tháng 10](month),search_activity
chỗ nào leo núi đẹp vào [tháng 10](month),search_activity
[trekking](activity) [tháng 10](month),search_activity
đi [trekking](activity) vào [tháng 10](month) thì nên đi đâu,search_activity
nơi nào có thể [cắm trại](activity),search_activity
có chỗ nào đi thuyền không,search_activity
tôi muốn [săn mây](activity),search_activity
gợi ý chỗ [leo núi](activity),search_activity
[đi trekking](activity),search_activity
tôi muốn [trekking](activity),search_activity
chỗ nào [trekking](activity) đẹp,search_activity
chỗ nào có bãi biển đẹp,search_activity
[lặn san hô](activity) phú quốc,search_activity
muốn đi lặn san hô,search_activity
gợi ý nơi [đi cáp treo](activity),search_activity
có tour nào [đi xe đạp](activity) quanh bản làng không,search_activity
muốn trải nghiệm văn hóa bản địa,search_activity
tìm chỗ [tắm biển](activity),search_activity
tôi muốn [lên núi](activity) chơi,search_activity
phú quốc có [lặn ngắm san hô](activity) không,search_activity
chi phí đi leo núi [tháng 10](month) là bao nhiêu,search_activity
đi leo núi [tháng 10](month) hết bao nhiêu tiền,search_activity
đi [săn mây](activity) ở đâu,search_activity
đi [lặn san hô](activity) ở đâu,search_activity
đi [tắm biển](activity) ở đâu,search_activity
đi [cắm trại](activity) ở đâu,search_activity
đi [trekking](activity) ở đâu,search_activity
đi [leo núi](activity) ở đâu,search_activity
[leo núi](activity) Lào Cai,search_activity
[trekking](activity) Sapa,search_activity
[cắm trại](activity) ở Đà Lạt,search_activity
[săn mây](activity) ở Tà Xùa,search_activity
[lặn san hô](activity) Phú Quốc [tháng 10](month),search_activity
đi Sapa [leo núi](activity),search_activity
đi Phú Quốc [lặn san hô](activity),search_activity
các [khách sạn](category) ở đó thì sao,search_accommodation
tìm [homestay](category),search_accommodation
ở đó có [resort](category) nào đẹp không,search_accommodation
tìm [khách sạn](category) ở Vũng Tàu,search_accommodation
có [resort](category) nào tại Sapa không,search_accommodation
tìm khu [nghỉ dưỡng](category) có spa,search_accommodation
gợi ý vài cái [homestay](category) ở Đà Lạt,search_accommodation
[nhà nghỉ](category) thì sao,search_accommodation
thế còn [khách sạn](category) thì sao,search_accommodation
[resort](category) thì sao hả bot,search_accommodation
cho tui xem [homestay](category) thì sao,search_accommodation
đổi sang [nhà nghỉ](category) nhé,search_accommodation
mình muốn tìm chỗ ăn ngủ,search_accommodation
có homestay nào giá rẻ không,search_accommodation
gợi ý mình vài [resort](category) view biển,search_accommodation
có gói combo [nhà hàng](category) [khách sạn](category) nào ở Kim Liên rẻ rẻ không,search_accommodation
cho mình xem vài [khu nghỉ dưỡng](category),search_accommodation
tìm [chỗ ở](category) quanh Đà Lạt,search_accommodation
[khách sạn](category) nào gần trung tâm không,search_accommodation
muốn thuê [villa](category) nguyên căn,search_accommodation
có [homestay](category) nào view đồi núi không,search_accommodation
mình cần book [phòng](category),search_accommodation
[chỗ nghỉ](category) nào sạch sẽ giá tốt,search_accommodation
tìm [khách sạn 5 sao](category) ở Nha Trang,search_accommodation
du lịch tiết kiệm,search_price
gợi ý nơi giá rẻ,search_price
nơi nào đi chơi tiết kiệm,search_price
tôi muốn đi du lịch giá rẻ,search_price
đi sapa chi phí bao nhiêu,search_price
trọn gói vậy có phát sinh phụ phí gì không,search_price
cho mình hỏi giá vé cáp treo vinpearl,search_price
giá vé Safari,search_price
đi vậy thiệt hại cỡ nhiêu,search_price
rổ giá như nào,search_price
tổn thất khoảng bao nhiêu,search_price
ví đang mỏng có đi được không,search_price
giá có hạt dẻ không,search_price
điểm nào dành cho hệ học sinh sinh viên,search_price
tour này mắc không,search_price
đi Đà Nẵng tầm bao nhiêu tiền,search_price
chi phí ăn ở đi lại tốn bao nhiêu,search_price
mức giá vé như nào,search_price
vé vào cửa đắt không,search_price
xin bảng giá chi tiết,search_price
cho hỏi giá phòng 1 đêm,search_price
có điểm nào ăn uống ngon không,search_food_dining
đến huế thì ăn món gì ngon,search_food_dining
cho mình xin địa chỉ vài quán hải sản hạt dẻ ở nha trang,search_food_dining
đà lạt có đặc sản gì,search_food_dining
Vũng Tàu có đặc sản gì?,search_food_dining
ăn gì ở hội an,search_food_dining
món nào ăn nhức nách ở đà lạt,search_food_dining
món nào ngon cực dính,search_food_dining
có quán nào ngon chân ái không,search_food_dining
recommend vài quán nhậu ngon nha,search_food_dining
Sapa có món gì ngon,search_food_dining
quán nhậu ở Nha Trang,search_food_dining
ăn sáng ở đâu,search_food_dining
địa chỉ ăn hải sản ngon bổ rẻ,search_food_dining
đến Phú Quốc phải ăn gì,search_food_dining
có nhà hàng nào lãng mạn không,search_food_dining
xin list đồ ăn vặt,search_food_dining
gợi ý quán ăn trưa,search_food_dining
ăn tối ở Đà Lạt nên đi đâu,search_food_dining
chỗ nào bán đặc sản làm quà,search_food_dining
lên giúp mình lịch trình tự túc đà nẵng,ask_itinerary
thiết kế cho mình lịch trình đi phú quốc 4 ngày 3 đêm,ask_itinerary
tư vấn lịch trình,ask_itinerary
tạo lịch trình 2 ngày 1 đêm sapa,ask_itinerary
mình cần lên lịch trình đi sapa,ask_itinerary
gợi ý lịch trình đi Sapa [3 ngày 2 đêm](duration),ask_itinerary
lên plan đi Đà Lạt giúp mình,ask_itinerary
mình cần kế hoạch du lịch Phú Quốc,ask_itinerary
cho xin lịch trình tham quan,ask_itinerary
sắp xếp lịch trình đi chơi Nha Trang,ask_itinerary
tư vấn tour [4 ngày 3 đêm](duration),ask_itinerary
đi Hà Nội [1 ngày](duration) thì đi đâu,ask_itinerary
cách sắp xếp thời gian đi Hà Giang,ask_itinerary
nên đi những đâu trong [3 ngày](duration),ask_itinerary
lịch trình ăn chơi Đà Nẵng,ask_itinerary
gợi ý plan đi chơi [cuối tuần](time_window),ask_itinerary
tạo giúp mình lịch trình tự túc,ask_itinerary
nên phân bổ thời gian đi chơi thế nào,ask_itinerary
vé máy bay khứ hồi hà nội phú quốc,ask_transportation
từ sân bay về khách sạn có xe đưa đón không,ask_transportation
đi từ hồ chí minh ra nha trang thì đi xe gì,ask_transportation
tư vấn phương tiện di chuyển,ask_transportation
vé máy bay đi Hà Nội,ask_transportation
đặt xe [limousine](transportation) đi Sapa,ask_transportation
giá vé [xe khách](transportation) bao nhiêu,ask_transportation
đi [tàu hỏa](transportation) ra Đà Nẵng mất bao lâu,ask_transportation
từ sân bay có xe bus không,ask_transportation
đến đó bằng phương tiện gì,ask_transportation
thuê [xe máy](transportation) ở đâu,ask_transportation
cách di chuyển từ sân bay về khách sạn,ask_transportation
đi bằng [ô tô](transportation) cá nhân được không,ask_transportation
bên bạn có hỗ trợ đặt vé [máy bay](transportation) không,ask_transportation
tới Hạ Long đi xe gì hợp lý,ask_transportation
mình muốn mua vé [xe giường nằm](transportation),ask_transportation
ở Phú Quốc có [taxi](transportation) không,ask_transportation
bên mình hủy tour trước 3 ngày có được hoàn 100% tiền không,ask_policy_booking
bé 4 tuổi thì phụ thu thế nào,ask_policy_booking
đi nước ngoài cần chuẩn bị visa không,ask_policy_booking
chính sách đổi trả ra sao,ask_policy_booking
trẻ em có miễn phí không,ask_policy_booking
mình muốn hủy phòng,ask_policy_booking
điều kiện hoàn tiền là gì,ask_policy_booking
đặt cọc trước bao nhiêu phần trăm,ask_policy_booking
thanh toán như thế nào,ask_policy_booking
có xuất hóa đơn VAT không,ask_policy_booking
thủ tục đặt tour ra sao,ask_policy_booking
trẻ dưới 2 tuổi tính vé sao,ask_policy_booking
nếu có việc bận dời ngày được không,ask_policy_booking
chính sách cho người cao tuổi,ask_policy_booking
hủy vé có mất phí không,ask_policy_booking
thanh toán qua chuyển khoản được không,ask_policy_booking
bị ốm đột xuất hủy tour thế nào,ask_policy_booking
bao lâu thì nhận được tiền hoàn,ask_policy_booking
lịch trình ngày 2 của tour sapa này đi những đâu,ask_tour_info
tour này có hdv theo suốt tuyến không,ask_tour_info
trong tour có bao ăn uống không,ask_tour_info
tour khởi hành lúc mấy giờ,ask_tour_info
tour đà lạt đi bằng xe giường nằm hay xe ngồi,ask_tour_info
thông tin chi tiết tour đà nẵng,ask_tour_info
tìm cho mình tour đi Đà Lạt,ask_tour_info
tìm tour đi Phú Quốc [3 ngày 2 đêm](duration),ask_tour_info
có tour nào từ Vinh đi Đồi Chè Thanh Chương không?,ask_tour_info
mình cần tìm tour đi Hà Nội cho [4 người](party_size),ask_tour_info
báo giá tour Thái Lan khởi hành từ HCM [tháng sau](time_window),ask_tour_info
cho xem lịch trình tour Hà Giang [tuần tới](time_window),ask_tour_info
có tour ghép đoàn nào đi Hà Giang khởi hành [thứ 6](time_window) không,ask_tour_info
mình muốn đặt tour đi vịnh Hạ Long [2 người lớn 1 trẻ em](party_size),ask_tour_info
xin lịch trình và báo giá tour Sapa đi [cuối tuần này](time_window),ask_tour_info
tour Đà Lạt [tháng 12](month) còn trống chỗ không,ask_tour_info
có tour nào dưới [2 triệu](budget) không,ask_tour_info
tour đà lạt 3 ngày 2 đêm này giá chính xác bao nhiêu,ask_tour_info
tui mún đi Đà Nẵng [4 ngày 3 đêm](duration) ngân sách cỡ [5 củ](budget),search_travel
"tôi muốn đi du lịch [mùa hè](season), ngân sách [1 triệu](budget)",search_travel
[sắp tới](time_window) có chỗ nào đi được với [1.5 triệu](budget) không,search_travel
chi phí đi du lịch khoảng [5 triệu](budget),search_travel
du lịch [500 nghìn](budget) có lựa chọn nào không,search_travel
mình có tầm [4 triệu](budget),search_travel
kinh phí eo hẹp cỡ [2 củ](budget) thì đi đc đâu không bot,search_travel
"với [3 triệu](budget) nha, đi [cuối tuần](time_window)",search_travel
tài chính [10 củ](budget) quay đầu,search_travel
chi phí cho chuyến đi Phú Quốc [4 ngày](duration) rơi vào khoảng bao nhiêu,search_travel
đang muốn set kèo đi Vũng Tàu,search_travel
chốt kèo đi biển nha,search_travel
muốn vi vu vài ngày,search_travel
đi phượt Sapa thôi,search_travel
gợi ý chuyến đi Nha Trang [3 ngày](duration) tầm [5 triệu](budget),search_travel
cầm [10 củ](budget) đi Đà Lạt đủ không,search_travel
tầm [2 triệu](budget) đi Vũng Tàu [2 ngày 1 đêm](duration),search_travel
du lịch quanh Hà Nội ngân sách [1 triệu](budget),search_travel
muốn đi Đà Nẵng [tháng 5](month) với ngân sách [6 củ](budget),search_travel
mà thôi cho tôi đi Đà Lạt,search_travel
thôi cho tôi đi Nha Trang,search_travel
thôi thì cho mình đi Sapa vậy,search_travel
thôi đi Vũng Tàu,search_travel
mà thôi đi Phú Quốc,search_travel
thôi cho mình đi Đà Nẵng,search_travel
tôi muốn đi Nha Trang,search_travel
tôi muốn đi Đà Lạt,search_travel
tôi muốn đi Sapa,search_travel
tôi muốn đi Phú Quốc,search_travel
tôi muốn đi Đà Nẵng,search_travel
tôi muốn đi Vũng Tàu,search_travel
tôi muốn đi Hà Nội,search_travel
tôi muốn đi Hội An,search_travel
mình muốn đi Nha Trang,search_travel
mình muốn đi Đà Lạt,search_travel
mình muốn đi Phú Quốc,search_travel
tôi đi Nha Trang nha,search_travel
cho tôi đi Đà Lạt,search_travel
cho mình đi Phú Quốc,search_travel
từ Sài Gòn đi Đà Lạt,search_travel
từ Hà Nội đi Hà Giang,search_travel
từ Đà Nẵng ra Huế,search_travel
từ Sài Gòn qua Vũng Tàu,search_travel
từ Hà Nội vào Sài Gòn,search_travel
từ Sài Gòn ra Nha Trang bằng [máy bay](transportation),search_travel
từ Sài Gòn đi Nha Trang bằng [tàu hỏa](transportation),search_travel
từ Hà Nội đi Sapa bằng [xe khách](transportation),search_travel
tôi muốn từ Hà Nội đi Hà Giang,search_travel
từ Sài Gòn đến Đà Lạt,search_travel
từ Hà Nội đến Hà Giang,search_travel
tôi muốn đi từ Hà Nội đến Hà Giang,search_travel
muốn từ Sài Gòn đến Nha Trang,search_travel
muốn từ Sài Gòn ra Phú Quốc,search_travel
tôi muốn từ Sài Gòn đi Đà Lạt [3 ngày](duration),search_travel
ở đó có mát không,ask_location_feature
khí hậu ở đó thế nào,ask_location_feature
đà lạt đợt này có lễ hội gì không,ask_location_feature
thời tiết ở Sapa [tháng 11](month) thế nào,ask_location_feature
trên đó có lạnh không,ask_location_feature
mùa này đi biển có bão không,ask_location_feature
đường đi chỗ đó có dốc không,ask_location_feature
ở đó mạng di động có khỏe không,ask_location_feature
chỗ đó có ồn ào không,ask_location_feature
view ở đó có đẹp không bot,ask_location_feature
an ninh khu vực đó thế nào,ask_location_feature
tối ở đó có nhộn nhịp không,ask_location_feature
phong cảnh Hà Giang mùa này sao,ask_location_feature
Đà Lạt mưa nhiều không,ask_location_feature
khu đấy có gần biển không,ask_location_feature
vị trí có thuận tiện đi lại không,ask_location_feature
Đà Lạt,inform
Hà Nội nha,inform
khoảng [3 ngày](duration),inform
tầm [5 triệu](budget),inform
[6tr](budget),inform
[5 triệu](budget),inform
tầm [10 củ](budget),inform
[tháng 11](month),inform
nhóm mình [6 người](party_size),inform
đi [máy bay](transportation) nhé,inform
mình xuất phát từ Đà Nẵng,inform
Sapa,inform
Phú Quốc,inform
[4 người](party_size),inform
[2 người lớn 1 trẻ em](party_size),inform
[cuối tuần](time_window),inform
[tháng 8](month),inform
[mùa thu](season),inform
đi [biển](category),inform
đi đà lạt,inform
sapa,inform
muốn đi [biển](category),inform
[núi](category),inform
ngân sách [5tr](budget),inform
khoảng [6 củ](budget),inform
[10 triệu](budget),inform
[2 củ](budget),inform
[10tr](budget),inform
khởi hành từ Sài Gòn,inform
[xe khách](transportation),inform
cho tôi hỏi thêm,inform
mà cho tôi hỏi thêm,inform
hỏi thêm xíu,inform
cho hỏi thêm xíu nha,inform
ở Đà Lạt thì sao,inform
còn Phú Quốc thì sao,inform
thế còn Sapa,inform
ở Vũng Tàu thì sao,inform
Nha Trang,inform
Hội An,inform
Vũng Tàu,inform
Hà Nội,inform
Đà Nẵng,inform
Huế,inform
đặt tour Đà Lạt,book_tour
mình muốn đặt tour Sapa,book_tour
book tour Nha Trang đi,book_tour
đặt chỗ tour Hà Nội,book_tour
cho mình book tour Đà Nẵng,book_tour
đặt tour Vũng Tàu [2 người](party_size),book_tour
muốn đặt tour du lịch,book_tour
mình muốn book tour,book_tour
đặt tour,book_tour
book tour,book_tour
đặt giúp mình tour Sapa [tuần sau](time_window),book_tour
cho mình đặt tour Phú Quốc [gia đình 4 người](party_size),book_tour
đặt tour Hội An cho [2 vợ chồng](party_size),book_tour
mình cần book tour Đà Lạt [tháng 12](month),book_tour
tphcm,
hcm,
sài gòn,
Sài Gòn,
sg,
xì gòn,
thành phố mang tên bác,
TP HCM,
TPHCM,
đl,
phố núi,
thành phố ngàn hoa,
mua xuan,
mùa hoa nở,
ra tết,
mua he,
hè,
mùa nóng,
nghỉ hè,
mua thu,
thu,
mua dong,
mùa lạnh,
đông,
phú quốc,
phu quoc,
Phu Quoc,
sap toi,
upcoming,
dạo này,
thời gian tới,
(?i)tháng\s*(?:0?[1-9]|1[0-2]),
(?i)thg\s*(?:0?[1-9]|1[0-2]),
"(?i)(?:[-+]\s*)?\b\d+(?:[\.,]\d+)?\s*(?:tr|triệu|trieu|k|nghìn|ngàn|vnd|vnđ|đ|đồng|dong)\b",
"(?i)(?:[-+]\s*)?\b\d+(?:[\.,]\d+)?\s*củ\b",
"(?i)(?:[-+]\s*)?\b\d+(?:[\.,]\d+)?\s*tr\b",
"(?i)(?:[-+]\s*)?\b\d+(?:[\.,]\d+)?\s*k\b",
"(?i)\d{6,9}\b",
(?i)\d+\s*(?:ngày|ngay)\s*\d+\s*(?:đêm|dem),
(?i)\d+n\s*\d+đ,
(?i)\d+\s*(?:ngày|ngay),
mùa xuân,
mùa hè,
mùa thu,
mùa đông,
sắp tới,
Hồ Chí Minh,
Hải Phòng,
Cần Thơ,
Sa Pa,
Hạ Long,
Hà Giang,
Cao Bằng,
Lai Châu,
Điện Biên,
Sơn La,
Lào Cai,
Yên Bái,
Tuyên Quang,
Bắc Kạn,
Thái Nguyên,
Lạng Sơn,
Bắc Giang,
Phú Thọ,
Vĩnh Phúc,
Bắc Ninh,
Hải Dương,
Hưng Yên,
Thái Bình,
Nam Định,
Ninh Bình,
Hà Nam,
Quảng Ninh,
Thanh Hóa,
Nghệ An,
Hà Tĩnh,
Quảng Bình,
Quảng Trị,
Thừa Thiên Huế,
Quảng Nam,
Quảng Ngãi,
Bình Định,
Phú Yên,
Khánh Hòa,
Ninh Thuận,
Bình Thuận,
Kon Tum,
Gia Lai,
Đắk Lắk,
Đắk Nông,
Lâm Đồng,
Bình Phước,
Tây Ninh,
Bình Dương,
Đồng Nai,
Bà Rịa Vũng Tàu,
Long An,
Đồng Tháp,
Tiền Giang,
An Giang,
Bến Tre,
Vĩnh Long,
Trà Vinh,
Hậu Giang,
Kiên Giang,
Bạc Liêu,
Cà Mau,
Sóc Trăng,
Vịnh Hạ Long,
Vịnh Lan Hạ,
Biển Mỹ Khê,
Biển Nha Trang,
Biển Phú Quốc,
Biển Mũi Né,
Phan Thiết,
Mũi Né,
Đỉnh Phan Xi Păng,
Fansipan,
Chùa Bái Đính,
Tràng An,
Tam Cốc,
Bích Động,
Cố đô Huế,
Phố cổ Hội An,
Bản Cát Cát,
Chợ Bắc Hà,
Chợ Cốc Lếu,
Thung lũng Tình Yêu,
Đồi chè Cầu Đất,
Hồ Xuân Hương,
Hồ Tuyền Lâm,
Cảng Cam Ranh,
Bãi Dài,
Đảo Bình Ba,
Côn Đảo,
Phú Quý,
Núi Bà Đen,
Núi Tà Cú,
Suối Tiên,
Khu du lịch Đại Nam,
Khu du lịch Phương Nam,
Củ Chi,
Địa đạo Củ Chi,
Chợ Bến Thành,
Chợ nổi Cái Răng,
Miệt vườn Cái Bè,
leo núi,
trekking,
cắm trại,
săn mây,
lặn san hô,
lặn biển,
dù lượn,
đi cáp treo,
cáp treo,
tắm biển,
bơi,
ngắm hoa,
chèo thuyền,
kayak,
đạp xe,
xe đạp,
đi bộ,
hiking,
picnic,
dã ngoại,
câu cá,
chụp ảnh,
sống ảo,
check in,
check-in,
tham quan,
viếng thăm,
ngắm cảnh,
ngắm hoàng hôn,
ngắm bình minh,
spa,
massage,
yoga,
thiền,
chữa lành,
healing,
mua sắm,
shopping,
ăn uống,
ẩm thực,
ăn hải sản,
ăn đặc sản,
nhậu,
bar,
pub,
giải trí,
vui chơi,
chơi game,
karaoke,
xem phim,
trượt tuyết,
trượt nước,
zipline,
đu dây,
leo núi nhân tạo,
chèo sup,
paddle,
chèo kayak,
đi tàu,
du thuyền,
tour đảo,
thăm làng chài,
thăm bản làng,
homestay trải nghiệm,
hái trái cây,
làm nông,
farmstay,
cưỡi ngựa,
cưỡi voi,
chụp ảnh cưới,
tuần trăng mật,
dạo phố,
đi phượt,
phượt,
road trip,
camping,
khách sạn,
hotel,
homestay,
hõm,
resort,
nhà nghỉ,
nhà trọ,
hostel,
villa,
biệt thự,
khu nghỉ dưỡng,
chỗ ở,
chỗ nghỉ,
phòng,
căn hộ,
apartment,
glamping,
khu cắm trại,
bungalow,
lodge,
nhà hàng,
quán ăn,
quán nhậu,
quán bar,
quán cà phê,
cafe,
tiệm,
tour,
vé,
combo,
gói du lịch,
biển,
núi,
miền núi,
miền biển,
miền Tây,
miền Bắc,
miền Trung,
miền Nam,
đồi núi,
rừng,
hồ,
sông,
suối,
thác,
đảo,
hòn đảo,
thành phố,
vùng quê,
đồng bằng,
cao nguyên,
yên tĩnh,
náo nhiệt,
sôi động,
nghỉ dưỡng,
sang trọng,
bình dân,
giá rẻ,
tiết kiệm,
5 sao,
4 sao,
3 sao,
view biển,
view núi,
view hồ,
gần trung tâm,
trung tâm,
máy bay,
máy bay bay,
vé máy bay,
xe khách,
xe đò,
tàu hỏa,
tàu lửa,
xe lửa,
tàu thủy,
tàu,
phà,
cano,
limousine,
xe limo,
xe máy,
xe gắn máy,
xe đạp điện,
ô tô,
ôtô,
xe hơi,
taxi,
grab,
xe ôm,
xe bus,
bus,
xe buýt,
xe giường nằm,
giường nằm,
xe ngồi,
ghế ngồi,
tàu cao tốc,
tàu cánh ngầm,
tàu khách,
thuyền,
ca nô,
[đặc sản](activity) [Sa Pa](location) là gì,ask_location_feature
thời tiết [Nha Trang](location) sao,search_destination
book [phòng](category) [sài gòn](location),search_accommodation
tìm [homestay](category) view đẹp ở [Phú Quốc](location) vậy,search_accommodation
đặt [phòng](category) [khách sạn](category) [Đà Lạt](location),search_accommodation
review [Phú Quốc](location) mùa này vậy,search_destination
review [Đà Lạt](location) mùa này,search_destination
book [phòng](category) [Đà Lạt](location),search_accommodation
thuê [resort](category) [hà nội](location),search_accommodation
thuê [resort](category) [đà nẵng](location),search_accommodation
tìm [homestay](category) view đẹp ở [Đà Lạt](location),search_accommodation
đặt [phòng](category) [khách sạn](category) [Nha Trang](location),search_accommodation
giải dùm bài toán dợ,out_of_scope
